bloom,tree,Source,Length,Comment,Collection,Days_from_Jan_1st,GDDs_from_Jan_1st_2018_C,Days_from_bloom_date_2018,GDDs_from_bloom_date_2018_C
early,27-03-25,bud10_flower.tif,0.030899103,p,20_Sep,262,2295,137,2111
early,27-03-25,bud1_flower.tif,0.02380196,p,20_Sep,262,2295,137,2111
early,27-03-25,bud2_flower.tif,0.027619997,p,20_Sep,262,2295,137,2111
early,27-03-25,bud3_flower.tif,0.030018813,p,20_Sep,262,2295,137,2111
early,27-03-25,bud4_flower.tif,0.036408414,p,20_Sep,262,2295,137,2111
early,27-03-25,bud5_flower.tif,0.027080031,p,20_Sep,262,2295,137,2111
early,27-03-25,bud6_flower.tif,0.032987593,p,20_Sep,262,2295,137,2111
early,27-03-25,bud7_flower.tif,0.034669557,p,20_Sep,262,2295,137,2111
early,27-03-25,bud8_flower.tif,0.02519739,p,20_Sep,262,2295,137,2111
early,27-03-25,bud9_flower.tif,0.027096582,p,20_Sep,262,2295,137,2111
early,27-03-46,bud10_flower.tif,0.016856672,p,20_Sep,262,2295,137,2111
early,27-03-46,bud1_flower.tif,0.027701207,p,20_Sep,262,2295,137,2111
early,27-03-46,bud2_flower.tif,0.019169098,p,20_Sep,262,2295,137,2111
early,27-03-46,bud3_flower'.tif,0.02833141,p,20_Sep,262,2295,137,2111
early,27-03-46,bud3_flower.tif,0.023197356,p,20_Sep,262,2295,137,2111
early,27-03-46,bud5_flower.tif,0.022723443,p,20_Sep,262,2295,137,2111
early,27-03-46,bud6_flower.tif,0.018860718,p,20_Sep,262,2295,137,2111
early,27-03-46,bud7_flower.tif,0.018940544,p,20_Sep,262,2295,137,2111
early,27-03-46,bud8_flower.tif,0.0202312,p,20_Sep,262,2295,137,2111
early,27-03-46,bud9_flower.tif,0.024683795,p,20_Sep,262,2295,137,2111
early,27-04-34,bud10_flower.tif,0.022859322,p,20_Sep,262,2295,136,2105
early,27-04-34,bud11_flower.tif,0.018954671,p,20_Sep,262,2295,136,2105
early,27-04-34,bud1_flower.tif,0.016215549,p,20_Sep,262,2295,136,2105
early,27-04-34,bud2_flower.tif,0.017971578,p,20_Sep,262,2295,136,2105
early,27-04-34,bud3_flower.tif,0.019384653,p,20_Sep,262,2295,136,2105
early,27-04-34,bud4_flower.tif,0.014389253,p,20_Sep,262,2295,136,2105
early,27-04-34,bud5_flower.tif,0.012784072,p,20_Sep,262,2295,136,2105
early,27-04-34,bud6_flower.tif,0.017585432,p,20_Sep,262,2295,136,2105
early,27-04-34,bud7_flower.tif,0.013731065,p,20_Sep,262,2295,136,2105
early,27-04-34,bud8_flower.tif,0.017340465,p,20_Sep,262,2295,136,2105
early,27-04-34,bud9_flower.tif,0.017930965,p,20_Sep,262,2295,136,2105
late,27-02-19,bud10_flower.tif,0.019481598,p,20_Sep,262,2295,127,2021
late,27-02-19,bud1_flower.tif,0.021782272,p,20_Sep,262,2295,127,2021
late,27-02-19,bud2_flower.tif,0.024254261,p,20_Sep,262,2295,127,2021
late,27-02-19,bud3_flower.tif,0.020184429,p,20_Sep,262,2295,127,2021
late,27-02-19,bud4_flower.tif,0.024590302,p,20_Sep,262,2295,127,2021
late,27-02-19,bud5_flower.tif,0.021869028,p,20_Sep,262,2295,127,2021
late,27-02-19,bud6_flower.tif,0.024947208,p,20_Sep,262,2295,127,2021
late,27-02-19,bud7_flower.tif,0.023109964,p,20_Sep,262,2295,127,2021
late,27-02-19,bud8_flower.tif,0.018868818,p,20_Sep,262,2295,127,2021
late,27-02-19,bud9_flower2.tif,0.021277112,p,20_Sep,262,2295,127,2021
late,27-03-08,bud10_flower.tif,0.016683941,p,20_Sep,262,2295,130,2055
late,27-03-08,bud1_flower.tif,0.011838255,p,20_Sep,262,2295,130,2055
late,27-03-08,bud2_flower.tif,0.010089505,p,20_Sep,262,2295,130,2055
late,27-03-08,bud3_flower.tif,0.01685839,p,20_Sep,262,2295,130,2055
late,27-03-08,bud4_flower.tif,0.011102771,p,20_Sep,262,2295,130,2055
late,27-03-08,bud5_flower.tif,0.010356954,p,20_Sep,262,2295,130,2055
late,27-03-08,bud6_flower.tif,0.015445167,p,20_Sep,262,2295,130,2055
late,27-03-08,bud7_flower.tif,0.012156155,p,20_Sep,262,2295,130,2055
late,27-03-08,bud8_flower.tif,0.009553392,p,20_Sep,262,2295,130,2055
late,27-03-08,bud9_flower.tif,0.009699881,p,20_Sep,262,2295,130,2055
late,27-04-12,bud8_flower.tif,0.012412951,p,20_Sep,262,2295,128,2033
late,27-04-12,bud10_flower.tif,0.013599595,p,20_Sep,262,2295,128,2033
late,27-04-12,bud9_flower.tif,0.014516101,p,20_Sep,262,2295,128,2033
late,27-04-12,bud3_flower.tif,0.014950282,p,20_Sep,262,2295,128,2033
late,27-04-12,bud5_flower.tif,0.016563083,p,20_Sep,262,2295,128,2033
late,27-04-12,bud7_flower.tif,0.017799653,p,20_Sep,262,2295,128,2033
late,27-04-12,bud6_flower.tif,0.018050177,p,20_Sep,262,2295,128,2033
late,27-04-12,bud4_flower.tif,0.018166077,p,20_Sep,262,2295,128,2033
late,27-04-12,bud1_flower.tif,0.018978273,p,20_Sep,262,2295,128,2033
late,27-04-12,bud2_flower.tif,0.019660303,p,20_Sep,262,2295,128,2033
mid,balaton,bud10_flower.tif,0.019895056,p,20_Sep,262,2295,135,2094
mid,balaton,bud9_flower.tif,0.020053946,p,20_Sep,262,2295,135,2094
mid,balaton,bud8_flower.tif,0.020247414,p,20_Sep,262,2295,135,2094
mid,balaton,bud7_flower.tif,0.016585525,p,20_Sep,262,2295,135,2094
mid,balaton,bud6_flower.tif,0.015740854,p,20_Sep,262,2295,135,2094
mid,balaton,bud5_flower.tif,0.018197481,p,20_Sep,262,2295,135,2094
mid,balaton,bud4_flower.tif,0.012856952,p,20_Sep,262,2295,135,2094
mid,balaton,bud3_flower.tif,0.015803422,p,20_Sep,262,2295,135,2094
mid,balaton,bud2_flower.tif,0.017831127,p,20_Sep,262,2295,135,2094
mid,balaton,bud1_flower.tif,0.019879414,p,20_Sep,262,2295,135,2094
mid,mont,bud10_flower2.tif,0.016195756,p,20_Sep,262,2295,135,2094
mid,mont,bud1_flower.tif,0.018512292,p,20_Sep,262,2295,135,2094
mid,mont,bud2_flower.tif,0.021488898,p,20_Sep,262,2295,135,2094
mid,mont,bud3_flower.tif,0.018489327,p,20_Sep,262,2295,135,2094
mid,mont,bud4_flower.tif,0.021650396,p,20_Sep,262,2295,135,2094
mid,mont,bud5_flower.tif,0.017375878,p,20_Sep,262,2295,135,2094
mid,mont,bud6_flower.tif,0.01696991,p,20_Sep,262,2295,135,2094
mid,mont,bud7_flower.tif,0.019077536,p,20_Sep,262,2295,135,2094
mid,mont,bud8_flower.tif,0.023258711,p,20_Sep,262,2295,135,2094
mid,mont,bud9_flower.tif,0.018703423,p,20_Sep,262,2295,135,2094
early,27-03-25,bud10_flower_l.tif,0.043711405,p,30_Oct,302,2538,177,2354
early,27-03-25,bud1_flower_s.tif,0.028607867,p,30_Oct,302,2538,177,2354
early,27-03-25,bud2_flower_s.tif,0.030045708,p,30_Oct,302,2538,177,2354
early,27-03-25,bud3_flower_s.tif,0.033842022,p,30_Oct,302,2538,177,2354
early,27-03-25,bud4_flower_l.tif,0.031350109,p,30_Oct,302,2538,177,2354
early,27-03-25,bud5_flower_l.tif,0.045418195,p,30_Oct,302,2538,177,2354
early,27-03-25,bud6_flower_l.tif,0.05153264,p,30_Oct,302,2538,177,2354
early,27-03-25,bud7_flower_l.tif,0.043841742,p,30_Oct,302,2538,177,2354
early,27-03-25,bud8_flower_l.tif,0.046758801,p,30_Oct,302,2538,177,2354
early,27-03-25,bud9_flower_l.tif,0.038856881,p,30_Oct,302,2538,177,2354
early,27-03-46,bud9_flower_s.tif,0.03584007,p,30_Oct,302,2538,177,2354
early,27-03-46,bud8_flower_s.tif,0.036185422,p,30_Oct,302,2538,177,2354
early,27-03-46,bud7_flower_s.tif,0.037076949,p,30_Oct,302,2538,177,2354
early,27-03-46,bud6_flower_s.tif,0.0372971,p,30_Oct,302,2538,177,2354
early,27-03-46,bud5_flower_l.tif,0.035112396,p,30_Oct,302,2538,177,2354
early,27-03-46,bud4_flower_l.tif,0.040180069,p,30_Oct,302,2538,177,2354
early,27-03-46,bud3_flower_l.tif,0.029890113,p,30_Oct,302,2538,177,2354
early,27-03-46,bud2_flower_l.tif,0.035160291,p,30_Oct,302,2538,177,2354
early,27-03-46,bud1_flower_l.tif,0.035743439,p,30_Oct,302,2538,177,2354
early,27-03-46,bud10_flower_s.tif,0.039642296,p,30_Oct,302,2538,177,2354
early,27-04-34,bud10_flower_s.tif,0.033065435,p,30_Oct,302,2538,176,2348
early,27-04-34,bud9_flower_s.tif,0.026977996,p,30_Oct,302,2538,176,2348
early,27-04-34,bud8_flower_s.tif,0.032054622,p,30_Oct,302,2538,176,2348
early,27-04-34,bud7_flower_s.tif,0.031871542,p,30_Oct,302,2538,176,2348
early,27-04-34,bud6_flower_s.tif,0.031413195,p,30_Oct,302,2538,176,2348
early,27-04-34,bud5_flower_s.tif,0.033701705,p,30_Oct,302,2538,176,2348
early,27-04-34,bud4_flower_l.tif,0.031223667,p,30_Oct,302,2538,176,2348
early,27-04-34,bud3_flower_l.tif,0.034345712,p,30_Oct,302,2538,176,2348
early,27-04-34,bud2_flower_l.tif,0.029385123,p,30_Oct,302,2538,176,2348
early,27-04-34,bud1_flower_l.tif,0.01684215,p,30_Oct,302,2538,176,2348
late,27-02-19,bud8_flower_s.tif,0.030458941,p*,30_Oct,302,2538,167,2264
late,27-02-19,bud6_flower_l.tif,0.030440272,p,30_Oct,302,2538,167,2264
late,27-02-19,bud5_flower_l.tif,0.031094783,p,30_Oct,302,2538,167,2264
late,27-02-19,bud2_flower_l.tif,0.035646713,p,30_Oct,302,2538,167,2264
late,27-02-19,bud10_flower_s.tif,0.037111676,p,30_Oct,302,2538,167,2264
late,27-02-19,bud1_flower_l.tif,0.037813409,p,30_Oct,302,2538,167,2264
late,27-02-19,bud9_flower_s.tif,0.038362496,p,30_Oct,302,2538,167,2264
late,27-02-19,bud4_flower_l.tif,0.039334379,p,30_Oct,302,2538,167,2264
late,27-02-19,bud3_fliower_l.tif,0.03969458,p,30_Oct,302,2538,167,2264
late,27-02-19,bud7_flower_s.tif,0.041877749,p,30_Oct,302,2538,167,2264
late,27-03-08,bud9_flower_s.tif,0.018396221,p*,30_Oct,302,2538,170,2298
late,27-03-08,bud8_flower_s.tif,0.018723238,p*,30_Oct,302,2538,170,2298
late,27-03-08,bud6_flower_s.tif,0.020779554,p*,30_Oct,302,2538,170,2298
late,27-03-08,bud1_flower_l.tif,0.012544563,p,30_Oct,302,2538,170,2298
late,27-03-08,bud7_flower_s.tif,0.020659202,p,30_Oct,302,2538,170,2298
late,27-03-08,bud4_flower_l.tif,0.02126157,p,30_Oct,302,2538,170,2298
late,27-03-08,bud2_flower_l.tif,0.022742263,p,30_Oct,302,2538,170,2298
late,27-03-08,bud5_flower_l.tif,0.023528806,p,30_Oct,302,2538,170,2298
late,27-03-08,bud10_flower_s.tif,0.023623629,p,30_Oct,302,2538,170,2298
late,27-03-08,bud3_flower_l.tif,0.028384825,p,30_Oct,302,2538,170,2298
late,27-04-12,bud10_flower_s.tif,0.027402461,p,30_Oct,302,2538,168,2276
late,27-04-12,bud9_flower_s.tif,0.032724081,p,30_Oct,302,2538,168,2276
late,27-04-12,bud8_flower_s.tif,0.027640503,p,30_Oct,302,2538,168,2276
late,27-04-12,bud7_flower_l.tif,0.026815826,p,30_Oct,302,2538,168,2276
late,27-04-12,bud6_flower_l.tif,0.026149844,p,30_Oct,302,2538,168,2276
late,27-04-12,bud5_flower_l.tif,0.030632521,p,30_Oct,302,2538,168,2276
late,27-04-12,bud4_flower_l.tif,0.025630966,p,30_Oct,302,2538,168,2276
late,27-04-12,bud3_flower_l.tif,0.030282145,p,30_Oct,302,2538,168,2276
late,27-04-12,bud2_flower_l.tif,0.020980678,p,30_Oct,302,2538,168,2276
late,27-04-12,bud1_flower_l.tif,0.025122786,p,30_Oct,302,2538,168,2276
mid,balaton,bud10_flower_s.tif,0.023814627,p,30_Oct,302,2538,175,2337
mid,balaton,bud9_flower_s.tif,0.021077267,p,30_Oct,302,2538,175,2337
mid,balaton,bud8_flower_s.tif,0.025278395,p,30_Oct,302,2538,175,2337
mid,balaton,bud7_flower_s.tif,0.027203192,p,30_Oct,302,2538,175,2337
mid,balaton,bud6_flower_l.tif,0.032984169,p,30_Oct,302,2538,175,2337
mid,balaton,bud5_flower_l.tif,0.031105475,p,30_Oct,302,2538,175,2337
mid,balaton,bud4_flower_l.tif,0.036487991,p,30_Oct,302,2538,175,2337
mid,balaton,bud3_flower_l.tif,0.027995174,p,30_Oct,302,2538,175,2337
mid,balaton,bud2_flower_s.tif,0.027611532,p,30_Oct,302,2538,175,2337
mid,balaton,bud1_flower_s.tif,0.028263559,p,30_Oct,302,2538,175,2337
mid,mont,bud10_flower_s.tif,0.033624232,p,30_Oct,302,2538,175,2337
mid,mont,bud9_flower_s.tif,0.024735161,p,30_Oct,302,2538,175,2337
mid,mont,bud8_flower_s.tif,0.031302509,p,30_Oct,302,2538,175,2337
mid,mont,bud7_flower_s.tif,0.032118149,p,30_Oct,302,2538,175,2337
mid,mont,bud6_flower_s.tif,0.026430151,p,30_Oct,302,2538,175,2337
mid,mont,bud5_flower_s.tif,0.033033059,p,30_Oct,302,2538,175,2337
mid,mont,bud4_flower_l.tif,0.03305158,p,30_Oct,302,2538,175,2337
mid,mont,bud3_flower_l.tif,0.030764676,p,30_Oct,302,2538,175,2337
mid,mont,bud2_flower_l.tif,0.035199951,p,30_Oct,302,2538,175,2337
mid,mont,bud1_flower_l.tif,0.026866493,p,30_Oct,302,2538,175,2337
early,27-03-25,bud10_flower_l.tif,0.043123856,p**,28_Nov,331,2558,206,2318
early,27-03-25,bud2_flower_s.tif,0.039429949,p*,28_Nov,331,2558,206,2374
early,27-03-25,bud9_flower_l.tif,0.050547874,p,28_Nov,331,2558,206,2374
early,27-03-25,bud8_flower_l.tif,0.050986468,p,28_Nov,331,2558,206,2374
early,27-03-25,bud7_flower_l.tif,0.04913279,p,28_Nov,331,2558,206,2374
early,27-03-25,bud6_flower_s.tif,0.048583514,p,28_Nov,331,2558,206,2374
early,27-03-25,bud5_flower_s.tif,0.036676328,p,28_Nov,331,2558,206,2374
early,27-03-25,bud4_flower_s.tif,0.040787105,p,28_Nov,331,2558,206,2374
early,27-03-25,bud3_flower_s.tif,0.046548814,p,28_Nov,331,2558,206,2374
early,27-03-25,bud1_flower_s.tif,0.044474806,p,28_Nov,331,2558,206,2374
early,27-03-46,bud10_flower_s.tif,0.038793622,p,28_Nov,331,2558,206,2374
early,27-03-46,bud9_flower_s.tif,0.044228494,p,28_Nov,331,2558,206,2374
early,27-03-46,bud8_flower_s.tif,0.031983227,p,28_Nov,331,2558,206,2374
early,27-03-46,bud7_flower_s.tif,0.041646341,p,28_Nov,331,2558,206,2374
early,27-03-46,bud6_flower_s.tif,0.035162812,p,28_Nov,331,2558,206,2374
early,27-03-46,bud5_flower_s.tif,0.037838234,p,28_Nov,331,2558,206,2374
early,27-03-46,bud4_flower_s.tif,0.036695466,p,28_Nov,331,2558,206,2374
early,27-03-46,bud3_flower_s.tif,0.045049438,p,28_Nov,331,2558,206,2374
early,27-03-46,bud2_flower_s.tif,0.03816762,p,28_Nov,331,2558,206,2374
early,27-03-46,bud11_flower_s.tif,0.037223156,p,28_Nov,331,2558,206,2374
early,27-04-34,bud12_flower_s.tif,0.031102473,p,28_Nov,331,2558,205,2368
early,27-04-34,bud11_flower_s.tif,0.032054622,p,28_Nov,331,2558,205,2368
early,27-04-34,bud9_flower_s.tif,0.033783576,p,28_Nov,331,2558,205,2368
early,27-04-34,bud7_flower_s.tif,0.031199815,p,28_Nov,331,2558,205,2368
early,27-04-34,bud6_flower_s.tif,0.02784892,p,28_Nov,331,2558,205,2368
early,27-04-34,bud5_flower_s.tif,0.032059135,p,28_Nov,331,2558,205,2368
early,27-04-34,bud4_flower_s.tif,0.033632728,p,28_Nov,331,2558,205,2368
early,27-04-34,bud3_flower_s.tif,0.031059926,p,28_Nov,331,2558,205,2368
early,27-04-34,bud2_flower_s.tif,0.033451581,p,28_Nov,331,2558,205,2368
early,27-04-34,bud1_flower_s.tif,0.033980195,p,28_Nov,331,2558,205,2368
late,27-02-19,bud3_flower_s.tif,0.019408021,p*,28_Nov,331,2558,196,2284
late,27-02-19,bud10_flower_s.tif,0.035875133,p,28_Nov,331,2558,196,2284
late,27-02-19,bud9_flower_s.tif,0.042837553,p,28_Nov,331,2558,196,2284
late,27-02-19,bud8_flower_s.tif,0.035502852,p,28_Nov,331,2558,196,2284
late,27-02-19,bud7_flower_s.tif,0.037800231,p,28_Nov,331,2558,196,2284
late,27-02-19,bud6_flower_s.tif,0.047795806,p,28_Nov,331,2558,196,2284
late,27-02-19,bud5_flower_s.tif,0.031225466,p,28_Nov,331,2558,196,2284
late,27-02-19,bud4_flower_s.tif,0.040824601,p,28_Nov,331,2558,196,2284
late,27-02-19,bud2_flower_s.tif,0.047755174,p,28_Nov,331,2558,196,2284
late,27-02-19,bud1_flower_s.tif,0.035434765,p,28_Nov,331,2558,196,2284
late,27-03-08,bud9_flower_s.tif,0.018718983,p*,28_Nov,331,2558,199,2318
late,27-03-08,bud10_flower_s.tif,0.024924402,p,28_Nov,331,2558,199,2318
late,27-03-08,bud8_flower_s.tif,0.023367121,p,28_Nov,331,2558,199,2318
late,27-03-08,bud7_flower_s.tif,0.018413848,p,28_Nov,331,2558,199,2318
late,27-03-08,bud6_flower_s.tif,0.021703468,p,28_Nov,331,2558,199,2318
late,27-03-08,bud5_flower_s.tif,0.021369765,p,28_Nov,331,2558,199,2318
late,27-03-08,bud4_flower_s.tif,0.020521223,p,28_Nov,331,2558,199,2318
late,27-03-08,bud3_flower_s.tif,0.019277586,p,28_Nov,331,2558,199,2318
late,27-03-08,bud2_flower_s.tif,0.019550505,p,28_Nov,331,2558,199,2318
late,27-03-08,bud1_flower_s.tif,0.025455045,p,28_Nov,331,2558,199,2318
late,27-04-12,bud10_flower_i.tif,0.025334082,p,28_Nov,331,2558,197,2296
late,27-04-12,bud9_flower_i.tif,0.026148061,p,28_Nov,331,2558,197,2296
late,27-04-12,bud8_flower_i.tif,0.028191477,p,28_Nov,331,2558,197,2296
late,27-04-12,bud7_flower_i.tif,0.024554873,p,28_Nov,331,2558,197,2296
late,27-04-12,bud6_flower_i.tif,0.026279117,p,28_Nov,331,2558,197,2296
late,27-04-12,bud5_flower_i.tif,0.026733804,p,28_Nov,331,2558,197,2296
late,27-04-12,bud4_flower_i.tif,0.025464247,p,28_Nov,331,2558,197,2296
late,27-04-12,bud3_flower_s.tif,0.026508244,p,28_Nov,331,2558,197,2296
late,27-04-12,bud2_flower_s.tif,0.024563789,p,28_Nov,331,2558,197,2296
late,27-04-12,bud1_flower_s.tif,0.029127597,p,28_Nov,331,2558,197,2296
mid,balaton,bud10_flower_s.tif,0.037146604,p,28_Nov,331,2558,204,2357
mid,balaton,bud9_flower_s.tif,0.037396877,p,28_Nov,331,2558,204,2357
mid,balaton,bud8_flower_s.tif,0.036182559,p,28_Nov,331,2558,204,2357
mid,balaton,bud7_flower_s.tif,0.03731702,p,28_Nov,331,2558,204,2357
mid,balaton,bud6_flower_s.tif,0.031736097,p,28_Nov,331,2558,204,2357
mid,balaton,bud5_flower_s.tif,0.03731702,p,28_Nov,331,2558,204,2357
mid,balaton,bud4_flower_s.tif,0.035883713,p,28_Nov,331,2558,204,2357
mid,balaton,bud3_flower_s.tif,0.042549701,p,28_Nov,331,2558,204,2357
mid,balaton,bud2_flower_s.tif,0.036145512,p,28_Nov,331,2558,204,2357
mid,balaton,bud1_flower_s.tif,0.043167151,p,28_Nov,331,2558,204,2357
mid,mont,bud11_flower_s.tif,0.025434493,p,28_Nov,331,2558,204,2357
mid,mont,bud10_flower_s.tif,0.031290656,p,28_Nov,331,2558,204,2357
mid,mont,bud9_flower_s.tif,0.029740866,p,28_Nov,331,2558,204,2357
mid,mont,bud8_flower_s.tif,0.025366337,p,28_Nov,331,2558,204,2357
mid,mont,bud7_flower_s.tif,0.033719797,p,28_Nov,331,2558,204,2357
mid,mont,bud5_flower_s.tif,0.029341565,p,28_Nov,331,2558,204,2357
mid,mont,bud4_flower_s.tif,0.029003011,p,28_Nov,331,2558,204,2357
mid,mont,bud3_flower_s.tif,0.02883855,p,28_Nov,331,2558,204,2357
mid,mont,bud2_flower_s.tif,0.026373849,p,28_Nov,331,2558,204,2357
mid,mont,bud1_flower_s.tif,0.025034451,p,28_Nov,331,2558,204,2357
early,27-03-25,bud1_flower_s_w.tif,0.043994836,p,27_Dec,360,2559,235,2375
early,27-03-25,bud10_flower_s_n.tif,0.051270933,p,27_Dec,360,2559,235,2375
early,27-03-25,bud11_flower_s_e.tif,0.048139749,p,27_Dec,360,2559,235,2375
early,27-03-25,bud12_flower_s_e.tif,0.048341461,p,27_Dec,360,2559,235,2375
early,27-03-25,bud13_flower_s_e.tif,0.050772343,p,27_Dec,360,2559,235,2375
early,27-03-25,bud2_flower_s_w.tif,0.042753534,p,27_Dec,360,2559,235,2375
early,27-03-25,bud3_flower_s_w.tif,0.044837887,p,27_Dec,360,2559,235,2375
early,27-03-25,bud4_flower_s_s.tif,0.047868732,p,27_Dec,360,2559,235,2375
early,27-03-25,bud5_flower_s_s.tif,0.040627805,p,27_Dec,360,2559,235,2375
early,27-03-25,bud6_flower_s_s.tif,0.04439619,p,27_Dec,360,2559,235,2375
early,27-03-25,bud8_flower_s_n.tif,0.044673414,p,27_Dec,360,2559,235,2375
early,27-03-25,bud9_flower_s_n.tif,0.054143512,p,27_Dec,360,2559,235,2375
early,27-03-46,bud1_flower_s_w.tif,0.042627778,p,27_Dec,360,2559,235,2375
early,27-03-46,bud10_flower_s_n.tif,0.048292883,P,27_Dec,360,2559,235,2375
early,27-03-46,bud11_flower_l.tif,0.04831389,p,27_Dec,360,2559,235,2375
early,27-03-46,bud11_flower_s_n.tif,0.043985655,p,27_Dec,360,2559,235,2375
early,27-03-46,bud12_flower_s_n.tif,0.03577789,p,27_Dec,360,2559,235,2375
early,27-03-46,bud13_flower_l.tif,0.038302064,p,27_Dec,360,2559,235,2375
early,27-03-46,bud13_flower_s_e.tif,0.042803394,p,27_Dec,360,2559,235,2375
early,27-03-46,bud14_flower_l.tif,0.045346894,p,27_Dec,360,2559,235,2375
early,27-03-46,bud14_flower_s_e.tif,0.044953647,p,27_Dec,360,2559,235,2375
early,27-03-46,bud15_flower_l.tif,0.046908117,p,27_Dec,360,2559,235,2375
early,27-03-46,bud15_flower_s_e.tif,0.04353527,p,27_Dec,360,2559,235,2375
early,27-03-46,bud16_flower_s_e.tif,0.041551391,p,27_Dec,360,2559,235,2375
early,27-03-46,bud17_flower_l.tif,0.049891919,p,27_Dec,360,2559,235,2375
early,27-03-46,bud18_flower_l.tif,0.043860455,p,27_Dec,360,2559,235,2375
early,27-03-46,bud19_flower_l.tif,0.040612808,p,27_Dec,360,2559,235,2375
early,27-03-46,bud2_flower_s_w.tif,0.043147905,p,27_Dec,360,2559,235,2375
early,27-03-46,bud20_flower_l.tif,0.047108942,p,27_Dec,360,2559,235,2375
early,27-03-46,bud21_flower_l.tif,0.038118885,p,27_Dec,360,2559,235,2375
early,27-03-46,bud22_flower_l.tif,0.048691172,p,27_Dec,360,2559,235,2375
early,27-03-46,bud23_flower_l.tif,0.033805775,p,27_Dec,360,2559,235,2375
early,27-03-46,bud24_flower_l.tif,0.046721577,p,27_Dec,360,2559,235,2375
early,27-03-46,bud3_flower_s_w.tif,0.044953647,p,27_Dec,360,2559,235,2375
early,27-03-46,bud4_flower_s_w.tif,0.042345447,p,27_Dec,360,2559,235,2375
early,27-03-46,bud5_flower_s_s.tif,0.046067846,p,27_Dec,360,2559,235,2375
early,27-03-46,bud6_flower_l.tif,0.040900181,p,27_Dec,360,2559,235,2375
early,27-03-46,bud6_flower_s_s.tif,0.034764524,p,27_Dec,360,2559,235,2375
early,27-03-46,bud7_flower_l.tif,0.037292058,p,27_Dec,360,2559,235,2375
early,27-03-46,bud7_flower_s_s.tif,0.041686674,p,27_Dec,360,2559,235,2375
early,27-03-46,bud8_flower_l.tif,0.045514108,p,27_Dec,360,2559,235,2375
early,27-03-46,bud8_flower_s_s.tif,0.031132873,p,27_Dec,360,2559,235,2375
early,27-03-46,bud9_flower_l.tif,0.051170811,p,27_Dec,360,2559,235,2375
early,27-03-46,bud9_flower_s_n.tif,0.042336204,p,27_Dec,360,2559,235,2375
early,27-04-34,bud1_flower_s_w.tif,0.036323501,p,27_Dec,360,2559,234,2369
early,27-04-34,bud10_flower_s_e.tif,0.031701354,p,27_Dec,360,2559,234,2369
early,27-04-34,bud11_flower_s_e.tif,0.034424359,p,27_Dec,360,2559,234,2369
early,27-04-34,bud12_flower_s_e.tif,0.033886076,p,27_Dec,360,2559,234,2369
early,27-04-34,bud2_flower_s_w.tif,0.035242421,p,27_Dec,360,2559,234,2369
early,27-04-34,bud3_flower_s_w.tif,0.035509307,p,27_Dec,360,2559,234,2369
early,27-04-34,bud4_flower_s_s.tif,0.033194365,p,27_Dec,360,2559,234,2369
early,27-04-34,bud5_flower_s_s.tif,0.030258625,p,27_Dec,360,2559,234,2369
early,27-04-34,bud6_flower_s_s.tif,0.030850414,p,27_Dec,360,2559,234,2369
early,27-04-34,bud7_flower_s_n.tif,0.036660009,p,27_Dec,360,2559,234,2369
early,27-04-34,bud8_flower_s_n.tif,0.033189208,p,27_Dec,360,2559,234,2369
early,27-04-34,bud9_flower_s_n.tif,0.034161342,p,27_Dec,360,2559,234,2369
late,27-02-19,bud1_flower_s_w.tif,0.038196672,p,27_Dec,360,2559,225,2285
late,27-02-19,bud10_flower_s_e.tif,0.042826571,p,27_Dec,360,2559,225,2285
late,27-02-19,bud11_flower_s_e.tif,0.034988907,p,27_Dec,360,2559,225,2285
late,27-02-19,bud12_flower_s_e.tif,0.039702268,p,27_Dec,360,2559,225,2285
late,27-02-19,bud2_flower_s_w.tif,0.024332231,p,27_Dec,360,2559,225,2285
late,27-02-19,bud3_flower_s_w.tif,0.03031508,p,27_Dec,360,2559,225,2285
late,27-02-19,bud4_flower_s_w.tif,0.02590811,p,27_Dec,360,2559,225,2285
late,27-02-19,bud5_flower_s_w.tif,0.024824213,p,27_Dec,360,2559,225,2285
late,27-02-19,bud6_flower_s_w.tif,0.034181749,p,27_Dec,360,2559,225,2285
late,27-02-19,bud7_flower_s_e.tif,0.038343827,p,27_Dec,360,2559,225,2285
late,27-02-19,bud8_flower_s_e.tif,0.03513716,p,27_Dec,360,2559,225,2285
late,27-02-19,bud9_flower_s_e.tif,0.033274658,p,27_Dec,360,2559,225,2285
late,27-03-08,bud1_flower_l.tif,0.022317384,p,27_Dec,360,2559,228,2319
late,27-03-08,bud1_flower_s_w.tif,0.020770436,p,27_Dec,360,2559,228,2319
late,27-03-08,bud10_flower_l.tif,0.026853073,p,27_Dec,360,2559,228,2319
late,27-03-08,bud10_flower_s_n.tif,0.019726171,p,27_Dec,360,2559,228,2319
late,27-03-08,bud11_flower_l.tif,0.024170683,p,27_Dec,360,2559,228,2319
late,27-03-08,bud11_flower_s_n.tif,0.022599421,p,27_Dec,360,2559,228,2319
late,27-03-08,bud12_flower_l.tif,0.025606397,p,27_Dec,360,2559,228,2319
late,27-03-08,bud12_flower_s_n.tif,0.016389139,p,27_Dec,360,2559,228,2319
late,27-03-08,bud13_flower_l.tif,0.019825248,p,27_Dec,360,2559,228,2319
late,27-03-08,bud13_flower_s_e.tif,0.021367333,p,27_Dec,360,2559,228,2319
late,27-03-08,bud14_flower_l.tif,0.026363763,p,27_Dec,360,2559,228,2319
late,27-03-08,bud14_flower_s_e.tif,0.021435411,p,27_Dec,360,2559,228,2319
late,27-03-08,bud15_flower_l.tif,0.027201972,p,27_Dec,360,2559,228,2319
late,27-03-08,bud15_flower_s_e.tif,0.025729788,p,27_Dec,360,2559,228,2319
late,27-03-08,bud16_flower_l.tif,0.021728997,p,27_Dec,360,2559,228,2319
late,27-03-08,bud16_flower_s_e.tif,0.022779341,p,27_Dec,360,2559,228,2319
late,27-03-08,bud2_flower_l.tif,0.027845064,p,27_Dec,360,2559,228,2319
late,27-03-08,bud2_flower_s_w.tif,0.025049009,p,27_Dec,360,2559,228,2319
late,27-03-08,bud3_flower_l.tif,0.025363261,p,27_Dec,360,2559,228,2319
late,27-03-08,bud3_flower_s_w.tif,0.020922396,p,27_Dec,360,2559,228,2319
late,27-03-08,bud4_flower_l.tif,0.020011247,p,27_Dec,360,2559,228,2319
late,27-03-08,bud4_flower_s_w.tif,0.022379384,p,27_Dec,360,2559,228,2319
late,27-03-08,bud5_flower_l.tif,0.022993908,p,27_Dec,360,2559,228,2319
late,27-03-08,bud5_flower_s_s.tif,0.020373518,p,27_Dec,360,2559,228,2319
late,27-03-08,bud6_flower_l.tif,0.021192276,p,27_Dec,360,2559,228,2319
late,27-03-08,bud6_flower_s_s.tif,0.022542285,p,27_Dec,360,2559,228,2319
late,27-03-08,bud7_flower_l.tif,0.020900514,p,27_Dec,360,2559,228,2319
late,27-03-08,bud7_flower_s_s.tif,0.02397192,p,27_Dec,360,2559,228,2319
late,27-03-08,bud8_flower_l.tif,0.021556979,p,27_Dec,360,2559,228,2319
late,27-03-08,bud9_flower_l.tif,0.023637001,p,27_Dec,360,2559,228,2319
late,27-03-08,bud9_flower_s_n.tif,0.018832041,p,27_Dec,360,2559,228,2319
late,27-04-12,bud1_flower_s_w.tif,0.028474987,p,27_Dec,360,2559,226,2297
late,27-04-12,bud10_flower_s_e.tif,0.030522861,p,27_Dec,360,2559,226,2297
late,27-04-12,bud11_flower_s_e.tif,0.030391805,p,27_Dec,360,2559,226,2297
late,27-04-12,bud12_flower_s_e.tif,0.033620081,p,27_Dec,360,2559,226,2297
late,27-04-12,bud2_flower_s_w.tif,0.031083642,p,27_Dec,360,2559,226,2297
late,27-04-12,bud3_flower_s_w.tif,0.026977195,p,27_Dec,360,2559,226,2297
late,27-04-12,bud4_flower_s_s.tif,0.035977321,p,27_Dec,360,2559,226,2297
late,27-04-12,bud5_flower_s_s.tif,0.025040764,p,27_Dec,360,2559,226,2297
late,27-04-12,bud6_flower_s_s.tif,0.027761753,p,27_Dec,360,2559,226,2297
late,27-04-12,bud7_flower_s_n.tif,0.026014329,p,27_Dec,360,2559,226,2297
late,27-04-12,bud8_flower_s_n.tif,0.031368936,p,27_Dec,360,2559,226,2297
late,27-04-12,bud9_flower_s_n.tif,0.031054221,p,27_Dec,360,2559,226,2297
mid,balaton,bud1_flower_s_w.tif,0.032425171,p,27_Dec,360,2559,233,2358
mid,balaton,bud10_flower_s_e.tif,0.035636733,p,27_Dec,360,2559,233,2358
mid,balaton,bud11_flower_s_e.tif,0.033623023,p,27_Dec,360,2559,233,2358
mid,balaton,bud12_flower_s_e.tif,0.028713886,p,27_Dec,360,2559,233,2358
mid,balaton,bud2_flower_s_w.tif,0.032481976,p,27_Dec,360,2559,233,2358
mid,balaton,bud3_flower_s_w.tif,0.036213843,p,27_Dec,360,2559,233,2358
mid,balaton,bud4_flower_s_s.tif,0.030159542,p,27_Dec,360,2559,233,2358
mid,balaton,bud5_flower_s_s.tif,0.03481182,p,27_Dec,360,2559,233,2358
mid,balaton,bud6_flower_s_s.tif,0.035276966,p,27_Dec,360,2559,233,2358
mid,balaton,bud7_flower_s_n.tif,0.030967166,p,27_Dec,360,2559,233,2358
mid,balaton,bud8_flower_s_n.tif,0.031117,p,27_Dec,360,2559,233,2358
mid,balaton,bud9_flower_s_n.tif,0.027499568,p,27_Dec,360,2559,233,2358
mid,mont,bud1_flower_s_w.tif,0.029341565,p,27_Dec,360,2559,233,2358
mid,mont,bud10_flower_s_e.tif,0.031169162,p,27_Dec,360,2559,233,2358
mid,mont,bud11_flower_s_e.tif,0.031075078,p,27_Dec,360,2559,233,2358
mid,mont,bud12_flower_s_e.tif,0.030192764,p,27_Dec,360,2559,233,2358
mid,mont,bud2_flower_s_w.tif,0.020063565,p,27_Dec,360,2559,233,2358
mid,mont,bud3_flower_s_w.tif,0.026115304,p,27_Dec,360,2559,233,2358
mid,mont,bud4_flower_s_s.tif,0.024996669,p,27_Dec,360,2559,233,2358
mid,mont,bud5_flower_s_s.tif,0.029217848,p,27_Dec,360,2559,233,2358
mid,mont,bud6_flower_s_s.tif,0.031353626,p,27_Dec,360,2559,233,2358
mid,mont,bud7_flower_s_n.tif,0.028049579,p,27_Dec,360,2559,233,2358
mid,mont,bud8_flower_s_n.tif,0.028667421,p,27_Dec,360,2559,233,2358
mid,mont,bud9_flower_s_n.tif,0.035843721,p,27_Dec,360,2559,233,2358
early,27-03-25,bud10_flower_s_w.tif,0.052168808,p,21_Feb,416,2566,291,2382
early,27-03-25,bud1_flower_s_e.tif,0.054882086,p,21_Feb,416,2566,291,2382
early,27-03-25,bud2_flower_s_e.tif,0.051804692,p,21_Feb,416,2566,291,2382
early,27-03-25,bud3_flower_s_e.tif,0.047609093,p,21_Feb,416,2566,291,2382
early,27-03-25,bud4_flower_s_e.tif,0.053924215,p,21_Feb,416,2566,291,2382
early,27-03-25,bud5_flower_s_e.tif,0.058034993,p,21_Feb,416,2566,291,2382
early,27-03-25,bud6_flower_s_w.tif,0.053209432,p,21_Feb,416,2566,291,2382
early,27-03-25,bud7_flower_s_w.tif,0.05203123,p*,21_Feb,416,2566,291,2382
early,27-03-25,bud8_flower_s_w.tif,0.057506405,p,21_Feb,416,2566,291,2382
early,27-03-25,bud9_flower_s_w.tif,0.05134748,p,21_Feb,416,2566,291,2382
early,27-03-46,bud10_flower_s_w.tif,0.04812819,p,21_Feb,416,2566,291,2382
early,27-03-46,bud11_flower_s_w.tif,0.045454449,p,21_Feb,416,2566,291,2382
early,27-03-46,bud1_flower_s_e.tif,0.047399676,p,21_Feb,416,2566,291,2382
early,27-03-46,bud2_flower_s_e.tif,0.039850683,p,21_Feb,416,2566,291,2382
early,27-03-46,bud3_flower_s_e.tif,0.045298158,p,21_Feb,416,2566,291,2382
early,27-03-46,bud4_flower_s_e.tif,0.051350629,p,21_Feb,416,2566,291,2382
early,27-03-46,bud5_flower_s_e.tif,0.04362686,p,21_Feb,416,2566,291,2382
early,27-03-46,bud6_flower_s_w.tif,0.05104309,p,21_Feb,416,2566,291,2382
early,27-03-46,bud8_flower_s_w.tif,0.041906825,p,21_Feb,416,2566,291,2382
early,27-03-46,bud9_flower_s_w.tif,0.042879859,p,21_Feb,416,2566,291,2382
early,27-04-34,bud10_flower_s_w.tif,0.034123307,p,21_Feb,416,2566,290,2376
early,27-04-34,bud12_flower_s_w.tif,0.028573507,p,21_Feb,416,2566,290,2376
early,27-04-34,bud13_flower_s_w.tif,0.030408184,p,21_Feb,416,2566,290,2376
early,27-04-34,bud2_flower_s_e.tif,0.02886489,p,21_Feb,416,2566,290,2376
early,27-04-34,bud3_flower_s_e.tif,0.031887658,p,21_Feb,416,2566,290,2376
early,27-04-34,bud4_flower_s_e.tif,0.030352099,p,21_Feb,416,2566,290,2376
early,27-04-34,bud5_flower_s_e.tif,0.034321215,p,21_Feb,416,2566,290,2376
early,27-04-34,bud6_flower_s_e.tif,0.030642837,p,21_Feb,416,2566,290,2376
early,27-04-34,bud7_flower_s_w.tif,0.024966686,p,21_Feb,416,2566,290,2376
early,27-04-34,bud8_flower_s_w.tif,0.028958364,p,21_Feb,416,2566,290,2376
late,27-02-19,bud10_flower_s_w.tif,0.041409927,p,21_Feb,416,2566,281,2292
late,27-02-19,bud11_flower_s_w.tif,0.0453348,p,21_Feb,416,2566,281,2292
late,27-02-19,bud12_flower_s_w.tif,0.031737215,p*,21_Feb,416,2566,281,2292
late,27-02-19,bud1_flower_s_e.tif,0.042264306,p,21_Feb,416,2566,281,2292
late,27-02-19,bud2_flower_s_e.tif,0.039904332,p,21_Feb,416,2566,281,2292
late,27-02-19,bud3_flower_s_e.tif,0.041212256,p,21_Feb,416,2566,281,2292
late,27-02-19,bud4_flower_s_e.tif,0.040982738,p,21_Feb,416,2566,281,2292
late,27-02-19,bud5_flower_s_e.tif,0.047364224,p,21_Feb,416,2566,281,2292
late,27-02-19,bud6_flower_s_e.tif,0.040123966,p,21_Feb,416,2566,281,2292
late,27-02-19,bud7_flower_s_w.tif,0.043126373,p,21_Feb,416,2566,281,2292
late,27-02-19,bud8_flower_s_w.tif,0.038776507,p,21_Feb,416,2566,281,2292
late,27-02-19,bud9_flower_s_w.tif,0.037902361,p,21_Feb,416,2566,281,2292
late,27-03-08,bud10_flower_s_w.tif,0.022469952,p,21_Feb,416,2566,284,2326
late,27-03-08,bud1_flower_s_e.tif,0.014994151,p*,21_Feb,416,2566,284,2326
late,27-03-08,bud2_flower_s_e.tif,0.02258848,p,21_Feb,416,2566,284,2326
late,27-03-08,bud3_flower_s_e.tif,0.024452112,p,21_Feb,416,2566,284,2326
late,27-03-08,bud4_flower_s_e.tif,0.02144149,p,21_Feb,416,2566,284,2326
late,27-03-08,bud5_flower_s_e.tif,0.025283634,p,21_Feb,416,2566,284,2326
late,27-03-08,bud6_flower_s_w.tif,0.020273225,p,21_Feb,416,2566,284,2326
late,27-03-08,bud7_flower_s_w.tif,0.019935875,p,21_Feb,416,2566,284,2326
late,27-03-08,bud8_flower_s_w.tif,0.021321138,p,21_Feb,416,2566,284,2326
late,27-03-08,bud9_flower_s_w.tif,0.021188021,p,21_Feb,416,2566,284,2326
late,27-04-12,bud10_flower_s_w.tif,0.033811763,p,21_Feb,416,2566,282,2304
late,27-04-12,bud1_flower_s_e.tif,0.032853354,p,21_Feb,416,2566,282,2304
late,27-04-12,bud2_flower_s_e.tif,0.031104147,p,21_Feb,416,2566,282,2304
late,27-04-12,bud3_flower_s_e.tif,0.031977859,p,21_Feb,416,2566,282,2304
late,27-04-12,bud4_flower_s_e.tif,0.033993638,p,21_Feb,416,2566,282,2304
late,27-04-12,bud5_flower_s_e.tif,0.031168338,p,21_Feb,416,2566,282,2304
late,27-04-12,bud6_flower_s_w.tif,0.034434951,p,21_Feb,416,2566,282,2304
late,27-04-12,bud7_flower_s_w.tif,0.031809358,p*,21_Feb,416,2566,282,2304
late,27-04-12,bud8_flower_s_w.tif,0.0242464,p,21_Feb,416,2566,282,2304
late,27-04-12,bud9_flower_s_w.tif,0.032324669,p,21_Feb,416,2566,282,2304
mid,balaton,bud10_flower_s_w.tif,0.033632903,p,21_Feb,416,2566,289,2365
mid,balaton,bud11_flower_s_w.tif,0.032802227,p,21_Feb,416,2566,289,2365
mid,balaton,bud1_flower_s_e.tif,0.034107927,p,21_Feb,416,2566,289,2365
mid,balaton,bud2_flower_s_e.tif,0.031116177,p,21_Feb,416,2566,289,2365
mid,balaton,bud3_flower_s_e.tif,0.042023634,p,21_Feb,416,2566,289,2365
mid,balaton,bud4_flower_s_e.tif,0.035760223,p,21_Feb,416,2566,289,2365
mid,balaton,bud5_flower_s_e.tif,0.028177116,p,21_Feb,416,2566,289,2365
mid,balaton,bud6_flower_s_w.tif,0.032919131,p,21_Feb,416,2566,289,2365
mid,balaton,bud7_flower_s_w.tif,0.033409797,p,21_Feb,416,2566,289,2365
mid,balaton,bud9_flower_s_w.tif,0.031902397,p,21_Feb,416,2566,289,2365
mid,mont,bud10_flower_s_w.tif,0.024764793,p,21_Feb,416,2566,289,2365
mid,mont,bud1_flower_s_e.tif,0.029256371,p,21_Feb,416,2566,289,2365
mid,mont,bud2_flower_s_e.tif,0.031123972,p,21_Feb,416,2566,289,2365
mid,mont,bud3_flower_s_e.tif,0.029389718,p,21_Feb,416,2566,289,2365
mid,mont,bud4_flower_s_e.tif,0.033184186,p,21_Feb,416,2566,289,2365
mid,mont,bud5_flower_s_e.tif,0.028646678,p,21_Feb,416,2566,289,2365
mid,mont,bud6_flower_s_w.tif,0.028071063,p,21_Feb,416,2566,289,2365
mid,mont,bud7_flower_s_w.tif,0.02109256,p,21_Feb,416,2566,289,2365
mid,mont,bud8_flower_s_w.tif,0.028847439,p,21_Feb,416,2566,289,2365
mid,mont,bud9_flower_s_w.tif,0.016554311,p**,21_Feb,416,2566,289,2365
early,27-03-25,bud9_flower_s_w.tif,0.043444525,p,11_Mar,434,2566,309,2382
early,27-03-25,bud8_flower_s_w.tif,0.050904749,p,11_Mar,434,2566,309,2382
early,27-03-25,bud7_flower_s_w.tif,0.03268244,p,11_Mar,434,2566,309,2382
early,27-03-25,bud6_flower_s_w.tif,0.062016468,p,11_Mar,434,2566,309,2382
early,27-03-25,bud5_flower_s_e.tif,0.044999256,p,11_Mar,434,2566,309,2382
early,27-03-25,bud4_flower_s_e.tif,0.057688462,p,11_Mar,434,2566,309,2382
early,27-03-25,bud3_flower_s_e.tif,0.049850677,p,11_Mar,434,2566,309,2382
early,27-03-25,bud2_flower_s_e.tif,0.060465875,p,11_Mar,434,2566,309,2382
early,27-03-25,bud1_flower_s_e.tif,0.055404467,p,11_Mar,434,2566,309,2382
early,27-03-25,bud10_flower_s_w.tif,0.042380109,p,11_Mar,434,2566,309,2382
early,27-03-46,bud9_flower_s_w.tif,0.041726167,p,11_Mar,434,2566,309,2382
early,27-03-46,bud8_flower_s_w.tif,0.04185893,p,11_Mar,434,2566,309,2382
early,27-03-46,bud7_flower_s_w.tif,0.045318325,p,11_Mar,434,2566,309,2382
early,27-03-46,bud6_flower_s_e.tif,0.036690424,p,11_Mar,434,2566,309,2382
early,27-03-46,bud5_flower_s_e.tif,0.04797106,p,11_Mar,434,2566,309,2382
early,27-03-46,bud4_flower_s_e.tif,0.03019093,p,11_Mar,434,2566,309,2382
early,27-03-46,bud1_flower_s_e.tif,0.03093793,p,11_Mar,434,2566,309,2382
early,27-03-46,bud12_flower_s_w.tif,0.027730617,p,11_Mar,434,2566,309,2382
early,27-03-46,bud11_flower_s_w.tif,0.041596765,p,11_Mar,434,2566,309,2382
early,27-04-34,bud8_flower_s_w.tif,0.035455801,p,11_Mar,434,2566,310,2376
early,27-04-34,bud6_flower_s_w.tif,0.036567823,p,11_Mar,434,2566,310,2376
early,27-04-34,bud5_flower_s_e.tif,0.029102121,p,11_Mar,434,2566,310,2376
early,27-04-34,bud4_flower_s_e.tif,0.030441706,p,11_Mar,434,2566,310,2376
early,27-04-34,bud3_flower_s_e.tif,0.02951921,p*,11_Mar,434,2566,310,2376
early,27-04-34,bud2_flower_s_e.tif,0.030888449,p,11_Mar,434,2566,310,2376
early,27-04-34,bud1_flower_s_e.tif,0.03495813,p,11_Mar,434,2566,310,2376
early,27-04-34,bud13_flower_s_e.tif,0.029110502,p,11_Mar,434,2566,310,2376
early,27-04-34,bud12_flower_s_w.tif,0.034984561,p,11_Mar,434,2566,310,2376
early,27-04-34,bud11_flower_s_w.tif,0.038038272,p,11_Mar,434,2566,310,2376
late,27-02-19,bud9_flower_s_w.tif,0.051397816,p,11_Mar,434,2566,299,2292
late,27-02-19,bud8_flower_s_w.tif,0.051336318,p,11_Mar,434,2566,299,2292
late,27-02-19,bud7_flower_s_w.tif,0.025413932,p,11_Mar,434,2566,299,2292
late,27-02-19,bud6_flower_s_w.tif,0.04607387,p,11_Mar,434,2566,299,2292
late,27-02-19,bud5_flower_s_e.tif,0.034582583,p,11_Mar,434,2566,299,2292
late,27-02-19,bud4_flower_s_e.tif,0.028507487,p,11_Mar,434,2566,299,2292
late,27-02-19,bud3_flower_s_e.tif,0.031918414,p,11_Mar,434,2566,299,2292
late,27-02-19,bud2_flower_s_e.tif,0.042861713,p,11_Mar,434,2566,299,2292
late,27-02-19,bud1_flower_s_e.tif,0.027862859,p,11_Mar,434,2566,299,2292
late,27-02-19,bud10_flower_s_w.tif,0.045065747,p,11_Mar,434,2566,299,2292
late,27-03-08,bud9_flower_s_w.tif,0.020185088,p,11_Mar,434,2566,302,2326
late,27-03-08,bud8_flower_s_w.tif,0.022992085,p,11_Mar,434,2566,302,2326
late,27-03-08,bud7_flower_s_w.tif,0.020334617,p,11_Mar,434,2566,302,2326
late,27-03-08,bud6_flower_s_w.tif,0.022186699,p,11_Mar,434,2566,302,2326
late,27-03-08,bud5_flower_s_e.tif,0.018404123,p*,11_Mar,434,2566,302,2326
late,27-03-08,bud4_flower_s_e.tif,0.023401768,p,11_Mar,434,2566,302,2326
late,27-03-08,bud3_flower_s_e.tif,0.021714409,p,11_Mar,434,2566,302,2326
late,27-03-08,bud2_flower_s_e.tif,0.022433482,p,11_Mar,434,2566,302,2326
late,27-03-08,bud1_flower_s_e.tif,0.024429014,p,11_Mar,434,2566,302,2326
late,27-03-08,bud10_flower_s_w.tif,0.019954718,p,11_Mar,434,2566,302,2326
late,27-04-12,bud9_flower_s_w.tif,0.024405094,p,11_Mar,434,2566,300,2304
late,27-04-12,bud8_flower_s_w.tif,0.026743611,p,11_Mar,434,2566,300,2304
late,27-04-12,bud7_flower_s_w.tif,0.030601317,p,11_Mar,434,2566,300,2304
late,27-04-12,bud6_flower_s_w.tif,0.038516435,p,11_Mar,434,2566,300,2304
late,27-04-12,bud5_flower_s_e.tif,0.029009022,p,11_Mar,434,2566,300,2304
late,27-04-12,bud4_flower_s_e.tif,0.024649377,p,11_Mar,434,2566,300,2304
late,27-04-12,bud3_flower_s_e.tif,0.033186791,p,11_Mar,434,2566,300,2304
late,27-04-12,bud2_flower_s_e.tif,0.032479798,p,11_Mar,434,2566,300,2304
late,27-04-12,bud1_flower_s_e.tif,0.029392385,p,11_Mar,434,2566,300,2304
late,27-04-12,bud10_flower_s_w.tif,0.031186169,p,11_Mar,434,2566,300,2304
mid,balaton,bud9_flower_s_w.tif,0.03924264,p,11_Mar,434,2566,307,2365
mid,balaton,bud8_flower_s_w.tif,0.034396071,p,11_Mar,434,2566,307,2365
mid,balaton,bud7_flower_s_w.tif,0.03788425,p,11_Mar,434,2566,307,2365
mid,balaton,bud6_flower_s_w.tif,0.033926809,p,11_Mar,434,2566,307,2365
mid,balaton,bud5_flower_s_e.tif,0.035743758,p,11_Mar,434,2566,307,2365
mid,balaton,bud4_flower_s_e.tif,0.031479238,p,11_Mar,434,2566,307,2365
mid,balaton,bud3_flower_s_e.tif,0.033262433,p,11_Mar,434,2566,307,2365
mid,balaton,bud1_flower_s_e.tif,0.031271775,p,11_Mar,434,2566,307,2365
mid,balaton,bud11_flower_s_w.tif,0.040792027,p,11_Mar,434,2566,307,2365
mid,balaton,bud10_flower_s_w.tif,0.036478111,p*,11_Mar,434,2566,307,2365
mid,balaton,bud9_flower_s_w.tif,0.026891174,p,11_Mar,434,2566,307,2365
mid,balaton,bud6_flower_s_w.tif,0.03338016,p,11_Mar,434,2566,307,2365
mid,balaton,bud5_flower_s_e.tif,0.035024223,p,11_Mar,434,2566,307,2365
mid,balaton,bud4_flower_s_e.tif,0.029617009,p,11_Mar,434,2566,307,2365
mid,balaton,bud3_flower_s_e.tif,0.029923264,p,11_Mar,434,2566,307,2365
mid,balaton,bud2_flower_s_e.tif,0.036768724,p*,11_Mar,434,2566,307,2365
mid,balaton,bud1_flower_s_e.tif,0.034943543,p,11_Mar,434,2566,307,2365
mid,balaton,bud15_flower_s_w.tif,0.038657297,p,11_Mar,434,2566,307,2365
mid,balaton,bud14_flower_s_w.tif,0.037173771,p,11_Mar,434,2566,307,2365
mid,balaton,bud13_flower_s_w.tif,0.035887006,p,11_Mar,434,2566,307,2365
mid,mont,bud9_flower_s_w.tif,0.036906795,p,11_Mar,434,2566,307,2365
mid,mont,bud8_flower_s_w.tif,0.025454495,p,11_Mar,434,2566,307,2365
mid,mont,bud7_flower_s_w.tif,0.040637552,p,11_Mar,434,2566,307,2365
mid,mont,bud6_flower_s_e_small.tif,0.016666175,p*,11_Mar,434,2566,307,2365
mid,mont,bud4_flower_s_e.tif,0.018568595,p*,11_Mar,434,2566,307,2365
mid,mont,bud3_flower_s_e.tif,0.03618672,p,11_Mar,434,2566,307,2365
mid,mont,bud2_flower_s_e.tif,0.024284744,p,11_Mar,434,2566,307,2365
mid,mont,bud1_flower_s_e.tif,0.029629002,p,11_Mar,434,2566,307,2365
mid,mont,bud11_flower_s_w.tif,0.040703485,p,11_Mar,434,2566,307,2365
mid,mont,bud10_flower_s_w.tif,0.035594807,p,11_Mar,434,2566,307,2365
early,27-03-25,bud9_flower_s_w.tif,0.056897133,p,18_Mar,441,2572,316,2388
early,27-03-25,bud8_flower_s_w.tif,0.057981203,p,18_Mar,441,2572,316,2388
early,27-03-25,bud7_flower_s_w.tif,0.054373152,p,18_Mar,441,2572,316,2388
early,27-03-25,bud6_flower_s_w.tif,0.050727863,p,18_Mar,441,2572,316,2388
early,27-03-25,bud5_flower_s_e.tif,0.06679341,p,18_Mar,441,2572,316,2388
early,27-03-25,bud4_flower_s_e.tif,0.056184419,p,18_Mar,441,2572,316,2388
early,27-03-25,bud3_flower_s_e.tif,0.066642385,p,18_Mar,441,2572,316,2388
early,27-03-25,bud2_flower_s_e.tif,0.06377291,p,18_Mar,441,2572,316,2388
early,27-03-25,bud1_flower_s_e.tif,0.045475088,p,18_Mar,441,2572,316,2388
early,27-03-25,bud10_flower_s_w.tif,0.059932115,p,18_Mar,441,2572,316,2388
early,27-03-46,bud9_flower_s_w.tif,0.039396096,p,18_Mar,441,2572,316,2388
early,27-03-46,bud7_flower_s_w.tif,0.051827062,p,18_Mar,441,2572,316,2388
early,27-03-46,bud6_flower_s_w.tif,0.046789639,p,18_Mar,441,2572,316,2388
early,27-03-46,bud5_flower_s_e.tif,0.045890549,p,18_Mar,441,2572,316,2388
early,27-03-46,bud4_flower_s_e.tif,0.036127443,p,18_Mar,441,2572,316,2388
early,27-03-46,bud3_flower_s_e.tif,0.049005433,p,18_Mar,441,2572,316,2388
early,27-03-46,bud2_flower_s_e.tif,0.038331473,p,18_Mar,441,2572,316,2388
early,27-03-46,bud1_flower_s_e.tif,0.051250637,p,18_Mar,441,2572,316,2388
early,27-03-46,bud12_flower_s_w.tif,0.031796687,p,18_Mar,441,2572,316,2388
early,27-03-46,bud11_flower_s_w.tif,0.038000406,p*,18_Mar,441,2572,316,2388
early,27-04-34,bud11_flower_s_w.tif,0.039909049,p,18_Mar,441,2572,317,2382
early,27-04-34,bud12_flower_s_w.tif,0.03520761,p,18_Mar,441,2572,317,2382
early,27-04-34,bud1_flower_s_e.tif,0.045589713,p,18_Mar,441,2572,317,2382
early,27-04-34,bud2_flower_s_e.tif,0.030426879,p*,18_Mar,441,2572,317,2382
early,27-04-34,bud3_flower_s_e.tif,0.036164272,p,18_Mar,441,2572,317,2382
early,27-04-34,bud4_flower_s_e.tif,0.039849097,p,18_Mar,441,2572,317,2382
early,27-04-34,bud5_flower_s_e.tif,0.038265834,p,18_Mar,441,2572,317,2382
early,27-04-34,bud6_flower_s_w.tif,0.041427202,p,18_Mar,441,2572,317,2382
early,27-04-34,bud8_flower_s_w.tif,0.039396552,p,18_Mar,441,2572,317,2382
early,27-04-34,bud9_flower_s_w.tif,0.03363853,p,18_Mar,441,2572,317,2382
late,27-03-08,bud9_flower_s_w.tif,0.021367333,p,18_Mar,441,2572,309,2332
late,27-03-08,bud8_flower_s_w.tif,0.020846416,p,18_Mar,441,2572,309,2332
late,27-03-08,bud6_flower_s_w.tif,0.021296824,p,18_Mar,441,2572,309,2332
late,27-03-08,bud5_flower_s_e.tif,0.02983695,p,18_Mar,441,2572,309,2332
late,27-03-08,bud4_flower_s_e.tif,0.022506422,p,18_Mar,441,2572,309,2332
late,27-03-08,bud3_flower_s_e.tif,0.027065208,p,18_Mar,441,2572,309,2332
late,27-03-08,bud2_flower_s_e.tif,0.023241906,p,18_Mar,441,2572,309,2332
late,27-03-08,bud1_flower_s_e.tif,0.023421218,p,18_Mar,441,2572,309,2332
late,27-03-08,bud11_flower_s_w.tif,0.015786772,p,18_Mar,441,2572,309,2332
late,27-03-08,bud10_flower_s_w.tif,0.021106571,p,18_Mar,441,2572,309,2332
late,27-04-12,bud1_flower_s_e.tif,0.035145511,p,18_Mar,441,2572,307,2310
late,27-04-12,bud2_flower_s_e.tif,0.034949372,p,18_Mar,441,2572,307,2310
late,27-04-12,bud3_flower_s_e.tif,0.036967825,p,18_Mar,441,2572,307,2310
late,27-04-12,bud4_flower_s_e.tif,0.038708116,p,18_Mar,441,2572,307,2310
late,27-04-12,bud5_flower_s_e.tif,0.034606128,p,18_Mar,441,2572,307,2310
late,27-04-12,bud6_flower_s_w.tif,0.022301945,p*,18_Mar,441,2572,307,2310
late,27-04-12,bud7_flower_s_w.tif,0.032005497,p,18_Mar,441,2572,307,2310
late,27-04-12,bud8_flower_s_w.tif,0.031588255,p,18_Mar,441,2572,307,2310
late,27-04-12,bud9_flower_s_w.tif,0.034989491,p,18_Mar,441,2572,307,2310
late,27-04-12,bud10_flower_s_w.tif,0.035277459,p,18_Mar,441,2572,307,2310
mid,balaton,bud11_flower_s_w.tif,0.037660322,p,18_Mar,441,2572,314,2371
mid,balaton,bud12_flower_s_w.tif,0.038039848,p,18_Mar,441,2572,314,2371
mid,balaton,bud1_flower_s_e.tif,0.03267709,p,18_Mar,441,2572,314,2371
mid,balaton,bud2_flower_s_e.tif,0.040615025,p,18_Mar,441,2572,314,2371
mid,balaton,bud4_flower_s_e.tif,0.03567131,p,18_Mar,441,2572,314,2371
mid,balaton,bud5_flower_s_e.tif,0.034068411,p,18_Mar,441,2572,314,2371
mid,balaton,bud6_flower_s_e.tif,0.036893861,p,18_Mar,441,2572,314,2371
mid,balaton,bud9_flower_s_w.tif,0.049928638,p,18_Mar,441,2572,314,2371
early,27-03-25,bud10_flower_s_w.tif,0.042232187,p,1_Apr,455,2588,330,2404
early,27-03-25,bud11_flower_s_w.tif,0.056776106,p,1_Apr,455,2588,330,2404
early,27-03-25,bud1_flower_s_e.tif,0.048085959,p,1_Apr,455,2588,330,2404
early,27-03-25,bud2_flower_s_e.tif,0.083844758,p,1_Apr,455,2588,330,2404
early,27-03-25,bud3_flower_s_e.tif,0.079827078,p,1_Apr,455,2588,330,2404
early,27-03-25,bud4_flower_s_e.tif,0.083074117,p,1_Apr,455,2588,330,2404
early,27-03-25,bud6_flower_s_w.tif,0.081538006,p,1_Apr,455,2588,330,2404
early,27-03-25,bud7_flower_s_w.tif,0.063652917,p,1_Apr,455,2588,330,2404
early,27-03-25,bud9_flower_s_w.tif,0.057997753,p,1_Apr,455,2588,330,2404
early,27-03-46,bud9_flower_s_w.tif,0.072544779,p,1_Apr,455,2588,330,2404
early,27-03-46,bud8_flower_s_w.tif,0.055607441,p,1_Apr,455,2588,330,2404
early,27-03-46,bud7_flower_s_w.tif,0.059338243,p,1_Apr,455,2588,330,2404
early,27-03-46,bud6_flower_s_w.tif,0.066999832,p,1_Apr,455,2588,330,2404
early,27-03-46,bud5_flower_s_e.tif,0.069574422,p,1_Apr,455,2588,330,2404
early,27-03-46,bud4_flower_s_e.tif,0.070446623,p,1_Apr,455,2588,330,2404
early,27-03-46,bud3_flower_s_e.tif,0.073155656,p,1_Apr,455,2588,330,2404
early,27-03-46,bud2_flower_s_e.tif,0.077458683,p,1_Apr,455,2588,330,2404
early,27-03-46,bud1_flower_s_e.tif,0.079140905,p,1_Apr,455,2588,330,2404
early,27-03-46,bud11_flower_s_w.tif,0.06252371,p,1_Apr,455,2588,330,2404
early,27-04-34,bud8_flower_s_w.tif,0.051021542,p,1_Apr,455,2588,331,2398
early,27-04-34,bud7_flower_s_e.tif,0.046675305,p,1_Apr,455,2588,331,2398
early,27-04-34,bud4_flower_s_e.tif,0.04443192,p,1_Apr,455,2588,331,2398
early,27-04-34,bud2_flower_s_e.tif,0.056114284,p,1_Apr,455,2588,331,2398
early,27-04-34,bud1_flower_s_e.tif,0.061851033,p,1_Apr,455,2588,331,2398
late,27-03-08,bud10_flower_s_w.tif,0.040347687,p,1_Apr,455,2588,323,2348
late,27-03-08,bud1_flower_s_e.tif,0.033734408,p,1_Apr,455,2588,323,2348
late,27-03-08,bud2_flower_s_e.tif,0.032116343,p,1_Apr,455,2588,323,2348
late,27-03-08,bud3_flower_s_e.tif,0.033924661,p,1_Apr,455,2588,323,2348
late,27-03-08,bud4_flower_s_e.tif,0.03189509,p,1_Apr,455,2588,323,2348
late,27-03-08,bud5_flower_s_e.tif,0.031532818,p,1_Apr,455,2588,323,2348
late,27-03-08,bud6_flower_s_w.tif,0.024104429,p,1_Apr,455,2588,323,2348
late,27-03-08,bud7_flower_s_w.tif,0.020391753,p,1_Apr,455,2588,323,2348
late,27-03-08,bud8_flower_s_w.tif,0.029629677,p,1_Apr,455,2588,323,2348
late,27-03-08,bud9_flower_s_w.tif,0.036735913,p,1_Apr,455,2588,323,2348
late,27-04-12,bud9_flower_s_w.tif,0.03797081,p,1_Apr,455,2588,321,2326
late,27-04-12,bud8_flower_s_w.tif,0.046111488,p,1_Apr,455,2588,321,2326
late,27-04-12,bud7_flower_s_w.tif,0.045373291,p,1_Apr,455,2588,321,2326
late,27-04-12,bud6_flower_s_w.tif,0.04630317,p,1_Apr,455,2588,321,2326
late,27-04-12,bud5_flower_s_e.tif,0.028688066,p,1_Apr,455,2588,321,2326
late,27-04-12,bud4_flower_s_e.tif,0.045144164,p,1_Apr,455,2588,321,2326
late,27-04-12,bud3_flower_s_e.tif,0.043845186,p,1_Apr,455,2588,321,2326
late,27-04-12,bud2_flower_s_e.tif,0.040646331,p,1_Apr,455,2588,321,2326
late,27-04-12,bud1_flower_s_e.tif,0.048316274,p,1_Apr,455,2588,321,2326
late,27-04-12,bud10_flower_s_w.tif,0.041675171,p,1_Apr,455,2588,321,2326
mid,balaton,bud8_flower_s_e.tif,0.05068522,p,1_Apr,455,2588,328,2387
mid,balaton,bud7_flower_s_e.tif,0.062171433,p*,1_Apr,455,2588,328,2387
mid,balaton,bud5_flower_s_e.tif,0.047188807,p,1_Apr,455,2588,328,2387
mid,balaton,bud3_flower_s_e.tif,0.046565595,p,1_Apr,455,2588,328,2387
mid,balaton,bud2_flower_s_e.tif,0.049473372,p,1_Apr,455,2588,328,2387
mid,balaton,bud1_flower_s_e_signs_of_death.tif,0.055608353,p,1_Apr,455,2588,328,2387
mid,balaton,bud13_flower_s_w.tif,0.053640746,p,1_Apr,455,2588,328,2387
mid,balaton,bud12_flower_s_w.tif,0.036070594,p,1_Apr,455,2588,328,2387
early,27-03-25,bud9_flower_s_w.tif,0.121863761,p,15_Apr,469,2628,344,2388
early,27-03-25,bud8_flower_s_w.tif,0.143765495,p,15_Apr,469,2628,344,2444
early,27-03-25,bud7_flower_s_w.tif,0.137425546,p,15_Apr,469,2628,344,2444
early,27-03-25,bud6_flower_s_w.tif,0.130846647,p,15_Apr,469,2628,344,2444
early,27-03-25,bud5_flower_s_e.tif,0.145866398,p,15_Apr,469,2628,344,2444
early,27-03-25,bud4_flower_s_e.tif,0.156041969,p*,15_Apr,469,2628,344,2444
early,27-03-25,bud3_flower_s_e.tif,0.131454885,p,15_Apr,469,2628,344,2444
early,27-03-25,bud2_flower_s_e.tif,0.126310724,p,15_Apr,469,2628,344,2444
early,27-03-25,bud1_flower_s_e.tif,0.076864505,p*,15_Apr,469,2628,344,2444
early,27-03-25,bud11_flower_s_w.tif,0.136664215,p,15_Apr,469,2628,344,2444
early,27-03-25,bud10_flower_s_w.tif,0.148563126,p,15_Apr,469,2628,344,2444
early,27-03-46,bud9_flower_s_w.tif,0.135451652,p,15_Apr,469,2628,344,2444
early,27-03-46,bud8_flower_s_w.tif,0.129978128,p,15_Apr,469,2628,344,2444
early,27-03-46,bud6_flower_s_w.tif,0.1202083,p,15_Apr,469,2628,344,2444
early,27-03-46,bud5_flower_s_e.tif,0.11183248,p,15_Apr,469,2628,344,2444
early,27-03-46,bud4_flower_s_e.tif,0.139196739,p,15_Apr,469,2628,344,2444
early,27-03-46,bud3_flower_s_e.tif,0.126254888,p,15_Apr,469,2628,344,2444
early,27-03-46,bud2_flower_s_e.tif,0.097377302,p,15_Apr,469,2628,344,2444
early,27-03-46,bud1_flower_s_e.tif,0.099688887,p,15_Apr,469,2628,344,2444
early,27-03-46,bud11_flower_s_w.tif,0.117122825,p,15_Apr,469,2628,344,2444
early,27-03-46,bud10_flower_s_w.tif,0.115361618,p,15_Apr,469,2628,344,2444
early,27-04-34,bud9_flower_s_w.tif,0.127235397,p,15_Apr,469,2628,345,2437
early,27-04-34,bud8_flower_s_w.tif,0.091641641,p,15_Apr,469,2628,345,2437
early,27-04-34,bud7_flower_s_e.tif,0.084233313,p,15_Apr,469,2628,345,2437
early,27-04-34,bud4_flower_s_e.tif,0.084558217,p,15_Apr,469,2628,345,2437
early,27-04-34,bud2_flower_s_e.tif,0.070952859,p,15_Apr,469,2628,345,2437
early,27-04-34,bud1_flower_s_e.tif,0.133811481,p,15_Apr,469,2628,345,2437
early,27-04-34,bud13_flower_s_w.tif,0.097724567,p,15_Apr,469,2628,345,2437
early,27-04-34,bud12_flower_s_w.tif,0.126956263,p,15_Apr,469,2628,345,2437
early,27-04-34,bud11_flower_s_w.tif,0.098159062,p,15_Apr,469,2628,345,2437
early,27-04-34,bud10_flower_s_w.tif,0.102930768,p,15_Apr,469,2628,345,2437
late,27-02-19,bud2_flower_s_e.tif,0.084928348,p,15_Apr,469,2628,334,2353
late,27-02-19,bud9_flower_s_w.tif,0.069304633,p,15_Apr,469,2628,334,2353
late,27-02-19,bud8_flower_s_w.tif,0.063545811,p,15_Apr,469,2628,334,2353
late,27-02-19,bud7_flower_s_w.tif,0.106451451,p,15_Apr,469,2628,334,2353
late,27-02-19,bud6_flower_s_w.tif,0.091592065,p,15_Apr,469,2628,334,2353
late,27-02-19,bud5_flower_s_e.tif,0.092992236,p,15_Apr,469,2628,334,2353
late,27-02-19,bud4_flower_s_e.tif,0.076610782,p,15_Apr,469,2628,334,2353
late,27-02-19,bud3_flower_s_e.tif,0.068714914,p,15_Apr,469,2628,334,2353
late,27-02-19,bud2_flower_s_e.tif,0.047465256,p,15_Apr,469,2628,334,2353
late,27-02-19,bud1_flower_s_e.tif,0.081257154,p,15_Apr,469,2628,334,2353
late,27-02-19,bud10_flower_s_w.tif,0.077339969,p,15_Apr,469,2628,334,2353
late,27-03-08,bud9_flower_s_w.tif,0.051593908,p,15_Apr,469,2628,337,2388
late,27-03-08,bud8_flower_s_w.tif,0.053118366,p,15_Apr,469,2628,337,2388
late,27-03-08,bud7_flower_s_w.tif,0.054486609,p,15_Apr,469,2628,337,2388
late,27-03-08,bud6_flower_s_w.tif,0.051519751,p,15_Apr,469,2628,337,2388
late,27-03-08,bud5_flower_s_e.tif,0.04743204,p,15_Apr,469,2628,337,2388
late,27-03-08,bud4_flower_s_e.tif,0.033618311,p,15_Apr,469,2628,337,2388
late,27-03-08,bud3_flower_s_e.tif,0.072645773,p,15_Apr,469,2628,337,2388
late,27-03-08,bud2_flower_s_e.tif,0.049275613,p*,15_Apr,469,2628,337,2388
late,27-03-08,bud1_flower_s_e.tif,0.044549064,p*,15_Apr,469,2628,337,2388
late,27-03-08,bud10_flower_s_w.tif,0.049268319,p,15_Apr,469,2628,337,2388
late,27-04-12,bud9_flower_s_w.tif,0.069772144,p,15_Apr,469,2628,335,2366
late,27-04-12,bud8_flower_s_w.tif,0.08303117,p,15_Apr,469,2628,335,2366
late,27-04-12,bud7_flower_s_w.tif,0.08355718,p,15_Apr,469,2628,335,2366
late,27-04-12,bud6_flower_s_w.tif,0.066445798,p,15_Apr,469,2628,335,2366
late,27-04-12,bud5_flower_s_e.tif,0.069027706,p,15_Apr,469,2628,335,2366
late,27-04-12,bud4_flower_s_e.tif,0.066112361,p,15_Apr,469,2628,335,2366
late,27-04-12,bud3_flower_s_e.tif,0.06720985,p,15_Apr,469,2628,335,2366
late,27-04-12,bud2_flower_s_e.tif,0.068324279,p,15_Apr,469,2628,335,2366
late,27-04-12,bud1_flower_s_e.tif,0.071365331,p,15_Apr,469,2628,335,2366
late,27-04-12,bud10_flower_s_w.tif,0.075925573,p,15_Apr,469,2628,335,2366
mid,balaton,bud10_flower_s_w.tif,0.110596786,p,15_Apr,469,2628,342,2427
mid,balaton,bud11_flower_s_w.tif,0.097265633,p*,15_Apr,469,2628,342,2427
mid,balaton,bud12_flower_s_w.tif,0.081715777,p,15_Apr,469,2628,342,2427
mid,balaton,bud1_flower_s_e.tif,0.095703897,p,15_Apr,469,2628,342,2427
mid,balaton,bud2_flower_s_e.tif,0.111174719,p,15_Apr,469,2628,342,2427
mid,balaton,bud3_flower_s_e.tif,0.112528992,p,15_Apr,469,2628,342,2427
mid,balaton,bud4_flower_s_e.tif,0.091189927,p,15_Apr,469,2628,342,2427
mid,balaton,bud5_flower_s_e.tif,0.102268623,p,15_Apr,469,2628,342,2427
mid,balaton,bud6_flower_s_w.tif,0.113351435,p,15_Apr,469,2628,342,2427
mid,balaton,bud7_flower_s_w.tif,0.099556784,p,15_Apr,469,2628,342,2427
mid,mont,bud9_flower_s_w.tif,0.0820137,p,15_Apr,469,2628,342,2427
mid,mont,bud8_flower_s_w.tif,0.069206444,p,15_Apr,469,2628,342,2427
mid,mont,bud7_flower_s_w.tif,0.056113974,p,15_Apr,469,2628,342,2427
mid,mont,bud6_flower_s_w.tif,0.060707784,p,15_Apr,469,2628,342,2427
mid,mont,bud5_flower_s_e.tif,0.089786359,p,15_Apr,469,2628,342,2427
mid,mont,bud4_flower_s_e.tif,0.083396807,p,15_Apr,469,2628,342,2427
mid,mont,bud3_flower_s_e.tif,0.06428297,p,15_Apr,469,2628,342,2427
mid,mont,bud2_flower_s_e.tif,0.062664284,p,15_Apr,469,2628,342,2427
mid,mont,bud1_flower_s_e.tif,0.053606306,p,15_Apr,469,2628,342,2427
mid,mont,bud10_flower_s_w.tif,0.082390776,p,15_Apr,469,2628,342,2427
early,27-03-25,bud11_flower_s_w.tif,0.287860969,p,23_Apr,477,2672,347,2488
early,27-03-25,bud10_flower_s_w.tif,0.360762619,p*,23_Apr,477,2672,347,2488
early,27-03-25,bud9_flower_s_w_edf.tif,0.30326242,p,23_Apr,477,2672,347,2488
early,27-03-25,bud8_flower_s_w.tif,0.307709384,p,23_Apr,477,2672,347,2488
early,27-03-25,bud7_flower_s_w.tif,0.323200829,p*,23_Apr,477,2672,347,2488
early,27-03-25,bud6_flower_s_w.tif,0.314712394,p,23_Apr,477,2672,347,2488
early,27-03-25,bud5_flower_s_e.tif,0.369250019,p,23_Apr,477,2672,347,2488
early,27-03-25,bud4_flower_s_e.tif,0.368840389,p,23_Apr,477,2672,347,2488
early,27-03-25,bud3_flower_s_e.tif,0.224530791,p,23_Apr,477,2672,347,2488
early,27-03-25,bud2_flower_s_e.tif,0.329940063,p,23_Apr,477,2672,347,2488
early,27-03-25,bud1_flower_s_e.tif,0.294051962,p,23_Apr,477,2672,347,2488
early,27-03-46,bud10_flower_s_w.tif,0.233372609,p,23_Apr,477,2672,347,2488
early,27-03-46,bud9_flower_s_w.tif,0.214495926,p,23_Apr,477,2672,347,2488
early,27-03-46,bud8_flower_s_w.tif,0.259093299,p,23_Apr,477,2672,347,2488
early,27-03-46,bud7_flower_s_w.tif,0.214981603,p,23_Apr,477,2672,347,2488
early,27-03-46,bud6_flower_s_w.tif,0.368784769,p*,23_Apr,477,2672,347,2488
early,27-03-46,bud5_flower_s_e.tif,0.180068351,p,23_Apr,477,2672,347,2488
early,27-03-46,bud4_flower_s_e.tif,0.246602673,p,23_Apr,477,2672,347,2488
early,27-03-46,bud3_flower_s_e.tif,0.284051022,p,23_Apr,477,2672,347,2488
early,27-03-46,bud2_flower_s_e2.tif,0.284109841,p,23_Apr,477,2672,347,2488
early,27-03-46,bud1_flower_s_e.tif,0.243477706,p*,23_Apr,477,2672,347,2488
early,27-04-34,bud10_flower_s_w.tif,0.219767301,p,23_Apr,477,2672,348,2481
early,27-04-34,bud9_flower_s_w.tif,0.212186206,p,23_Apr,477,2672,348,2481
early,27-04-34,bud8_flower_s_w.tif,0.213940946,p,23_Apr,477,2672,348,2481
early,27-04-34,bud7_flower_s_w.tif,0.272178065,p*,23_Apr,477,2672,348,2481
early,27-04-34,bud6_flower_s_w.tif,0.261712802,p,23_Apr,477,2672,348,2481
early,27-04-34,bud5_flower_s_e.tif,0.258193008,p,23_Apr,477,2672,348,2481
early,27-04-34,bud4_flower_s_e.tif,0.208909445,p,23_Apr,477,2672,348,2481
early,27-04-34,bud3_flower_s_e.tif,0.203348042,p*,23_Apr,477,2672,348,2481
early,27-04-34,bud2_flower_s_e.tif,0.233853568,p,23_Apr,477,2672,348,2481
early,27-04-34,bud1_flower_s_e.tif,0.175510081,p,23_Apr,477,2672,348,2481
late,27-02-19,bud9_flower_s_w.tif,0.178234662,p*,23_Apr,477,2672,337,2397
late,27-02-19,bud8_flower_s_w.tif,0.168911169,p,23_Apr,477,2672,337,2397
late,27-02-19,bud7_flower_s_w.tif,0.194602938,p,23_Apr,477,2672,337,2397
late,27-02-19,bud6_flower_s_w.tif,0.176889399,p,23_Apr,477,2672,337,2397
late,27-02-19,bud5_flower_s_e.tif,0.160190573,p,23_Apr,477,2672,337,2397
late,27-02-19,bud4_flower_s_e.tif,0.164929191,p,23_Apr,477,2672,337,2397
late,27-02-19,bud3_flower_s_e.tif,0.116718275,p,23_Apr,477,2672,337,2397
late,27-02-19,bud2_flower_s_e.tif,0.164804,p,23_Apr,477,2672,337,2397
late,27-02-19,bud1_flower_s_e.tif,0.143207319,p,23_Apr,477,2672,337,2397
late,27-02-19,bud10_flower_s_w.tif,0.116907161,p,23_Apr,477,2672,337,2397
late,27-03-08,bud11_flower_s_w.tif,0.126748229,p,23_Apr,477,2672,340,2432
late,27-03-08,bud10_flower_s_w.tif,0.138990696,p*,23_Apr,477,2672,340,2432
late,27-03-08,bud9_flower_s_w.tif,0.132275908,p,23_Apr,477,2672,340,2432
late,27-03-08,bud8_flower_s_w.tif,0.106497494,p,23_Apr,477,2672,340,2432
late,27-03-08,bud7_flower_s_w.tif,0.111755901,p,23_Apr,477,2672,340,2432
late,27-03-08,bud6_flower_s_w.tif,0.122787555,p,23_Apr,477,2672,340,2432
late,27-03-08,bud5_flower_s_e.tif,0.101267655,p,23_Apr,477,2672,340,2432
late,27-03-08,bud4_flower_s_e.tif,0.109105727,p,23_Apr,477,2672,340,2432
late,27-03-08,bud3_flower_s_e.tif,0.08024922,p,23_Apr,477,2672,340,2432
late,27-03-08,bud2_flower_s_e.tif,0.088028332,p,23_Apr,477,2672,340,2432
late,27-03-08,bud1_flower_s_e.tif,0.103336128,p,23_Apr,477,2672,340,2432
late,27-04-12,bud10_flower_s_w.tif,0.147887347,p,23_Apr,477,2672,338,2410
late,27-04-12,bud9_flower_s_w.tif,0.111393823,p,23_Apr,477,2672,338,2410
late,27-04-12,bud8_flower_s_w.tif,0.13632671,p,23_Apr,477,2672,338,2410
late,27-04-12,bud7_flower_s_w.tif,0.136138595,p,23_Apr,477,2672,338,2410
late,27-04-12,bud6_flower_s_w.tif,0.12373545,p,23_Apr,477,2672,338,2410
late,27-04-12,bud5_flower_s_e.tif,0.158133849,p*,23_Apr,477,2672,338,2410
late,27-04-12,bud4_flower_s_e.tif,0.150294512,p,23_Apr,477,2672,338,2410
late,27-04-12,bud3_flower_s_e.tif,0.124328326,p,23_Apr,477,2672,338,2410
late,27-04-12,bud2_flower_s_e.tif,0.126132809,p,23_Apr,477,2672,338,2410
late,27-04-12,bud1_flower_s_e.tif,0.142922344,p*,23_Apr,477,2672,338,2410
mid,balaton,bud10_longit_s_w2.tif,0.21835248,p,23_Apr,477,2672,345,2471
mid,balaton,bud10_flower_s_w.tif,0.216351942,p,23_Apr,477,2672,345,2471
mid,balaton,bud9_flower_s_w.tif,0.230067561,p,23_Apr,477,2672,345,2471
mid,balaton,bud8_flower_s_w.tif,0.216365938,p,23_Apr,477,2672,345,2471
mid,balaton,bud7_flower_s_w.tif,0.189850173,p,23_Apr,477,2672,345,2471
mid,balaton,bud6_flower_s_w.tif,0.267037985,p,23_Apr,477,2672,345,2471
mid,balaton,bud5_flower_s_e.tif,0.230782979,p,23_Apr,477,2672,345,2471
mid,balaton,bud4_flower_s_e.tif,0.242143232,p,23_Apr,477,2672,345,2471
mid,balaton,bud3_flower_s_e.tif,0.132194357,p,23_Apr,477,2672,345,2471
mid,balaton,bud2_flower_s_e.tif,0.183653447,p,23_Apr,477,2672,345,2471
mid,balaton,bud1_flower_s_e.tif,0.182955317,p,23_Apr,477,2672,345,2471
mid,mont,bud7_flower_s_w.tif,0.11264651,p,23_Apr,477,2672,345,2471
mid,mont,bud6_flower_s_w.tif,0.131476613,p,23_Apr,477,2672,345,2471
mid,mont,bud5_flower_s_w.tif,0.157860093,p,23_Apr,477,2672,345,2471
mid,mont,bud4_flower_s_e.tif,0.153817451,p,23_Apr,477,2672,345,2471
mid,mont,bud3_flower_s_e.tif,0.127707333,p,23_Apr,477,2672,345,2471
mid,mont,bud2_flower_s_e.tif,0.136442314,p,23_Apr,477,2672,345,2471
mid,mont,bud1_flower_s_e.tif,0.138171382,p,23_Apr,477,2672,345,2471
early,27-03-25,bud9_flower_s_w.tif,0.280871406,p,26_Apr,480,2691,350,2507
early,27-03-25,bud8_flower_s_w.tif,0.290156343,p,26_Apr,480,2691,350,2507
early,27-03-25,bud7_flower_s_w.tif,0.426592986,p,26_Apr,480,2691,350,2507
early,27-03-25,bud6_flower_s_w.tif,0.438365698,p,26_Apr,480,2691,350,2507
early,27-03-25,bud5_flower_s_w.tif,0.495051809,p*,26_Apr,480,2691,350,2507
early,27-03-25,bud4_flower_s_e.tif,0.370110655,p,26_Apr,480,2691,350,2507
early,27-03-25,bud3_flower_s_e.tif,0.478880751,p,26_Apr,480,2691,350,2507
early,27-03-25,bud2_flower_s_e.tif,0.379439037,p,26_Apr,480,2691,350,2507
early,27-03-25,bud1_flower_s_e.tif,0.461671138,p,26_Apr,480,2691,350,2507
early,27-03-25,bud10_flower_s_w.tif,0.42211499,p,26_Apr,480,2691,350,2507
early,27-03-46,bud10_flower_s_w.tif,0.222445728,p,26_Apr,480,2691,350,2507
early,27-03-46,bud9_flower_s_w.tif,0.289731252,p,26_Apr,480,2691,350,2507
early,27-03-46,bud8_flower_s_w.tif,0.283225876,p,26_Apr,480,2691,350,2507
early,27-03-46,bud7_flower_s_w.tif,0.346413399,p,26_Apr,480,2691,350,2507
early,27-03-46,bud6_flower_s_w.tif,0.416798683,p*,26_Apr,480,2691,350,2507
early,27-03-46,bud5_flower_s_e.tif,0.320671704,p,26_Apr,480,2691,350,2507
early,27-03-46,bud4_flower_s_e.tif,0.384259196,p,26_Apr,480,2691,350,2507
early,27-03-46,bud3_flower_s_e.tif,0.428322156,p*,26_Apr,480,2691,350,2507
early,27-03-46,bud2_flower_s_e.tif,0.347964539,p,26_Apr,480,2691,350,2507
early,27-03-46,bud1_flower_s_e.tif,0.379750303,p,26_Apr,480,2691,350,2507
early,27-04-34,bud10_flower_s_w.tif,0.234500798,p,26_Apr,480,2691,351,2500
early,27-04-34,bud9_flower_s_w.tif,0.248370462,p,26_Apr,480,2691,351,2500
early,27-04-34,bud8_flower_s_w.tif,0.314133881,p,26_Apr,480,2691,351,2500
early,27-04-34,bud7_flower_s_w.tif,0.259218003,p,26_Apr,480,2691,351,2500
early,27-04-34,bud6_flower_s_w.tif,0.307383741,p,26_Apr,480,2691,351,2500
early,27-04-34,bud5_flower_s_e.tif,0.322985583,p,26_Apr,480,2691,351,2500
early,27-04-34,bud4_flower_s_e.tif,0.331742521,p,26_Apr,480,2691,351,2500
early,27-04-34,bud3_flower_s_e.tif,0.394151821,p*,26_Apr,480,2691,351,2500
early,27-04-34,bud2_flower_s_e.tif,0.221954601,p,26_Apr,480,2691,351,2500
early,27-04-34,bud1_flower_s_e.tif,0.304940514,p,26_Apr,480,2691,351,2500
late,27-02-19,bud10_flower_s_w.tif,0.243717651,p,26_Apr,480,2691,340,2416
late,27-02-19,bud1_flower_s_e.tif,0.239217336,p,26_Apr,480,2691,340,2416
late,27-02-19,bud2_flower_s_e.tif,0.20177511,p,26_Apr,480,2691,340,2416
late,27-02-19,bud3_flower_s_e.tif,0.186953062,p,26_Apr,480,2691,340,2416
late,27-02-19,bud4_flower_s_e.tif,0.204958715,p,26_Apr,480,2691,340,2416
late,27-02-19,bud5_flower_s_e.tif,0.152164022,p,26_Apr,480,2691,340,2416
late,27-02-19,bud6_flower_s_w.tif,0.212767827,p,26_Apr,480,2691,340,2416
late,27-02-19,bud7_flower_s_w.tif,0.211522498,p,26_Apr,480,2691,340,2416
late,27-02-19,bud8_flower_s_w.tif,0.232728229,p,26_Apr,480,2691,340,2416
late,27-02-19,bud9_flower_s_w.tif,0.14708497,p,26_Apr,480,2691,340,2416
late,27-03-08,bud10_flower_s_w.tif,0.118697413,p,26_Apr,480,2691,343,2451
late,27-03-08,bud1_flower_s_e.tif,0.162007094,p,26_Apr,480,2691,343,2451
late,27-03-08,bud2_flower_s_e.tif,0.129597166,p,26_Apr,480,2691,343,2451
late,27-03-08,bud4_flower_s_e.tif,0.091846164,p,26_Apr,480,2691,343,2451
late,27-03-08,bud5_flower_s_e.tif,0.094357751,p,26_Apr,480,2691,343,2451
late,27-03-08,bud6_flower_s_w.tif,0.153939867,p,26_Apr,480,2691,343,2451
late,27-03-08,bud7_flower_s_w.tif,0.124104133,p,26_Apr,480,2691,343,2451
late,27-03-08,bud8_flower_s_w.tif,0.136731362,p,26_Apr,480,2691,343,2451
late,27-03-08,bud9_flower_s_w.tif,0.172737261,p*,26_Apr,480,2691,343,2451
late,27-04-12,bud10_flower_s_w.tif,0.166480473,p,26_Apr,480,2691,341,2429
late,27-04-12,bud9_flower_s_w.tif,0.172471641,p,26_Apr,480,2691,341,2429
late,27-04-12,bud8_flower_s_w.tif,0.14400646,p,26_Apr,480,2691,341,2429
late,27-04-12,bud7_flower_s_w.tif,0.154252963,p,26_Apr,480,2691,341,2429
late,27-04-12,bud6_flower_s_w.tif,0.181713374,p,26_Apr,480,2691,341,2429
late,27-04-12,bud5_flower_s_e.tif,0.174104056,p,26_Apr,480,2691,341,2429
late,27-04-12,bud4_flower_s_e.tif,0.157243197,p,26_Apr,480,2691,341,2429
late,27-04-12,bud3_flower_s_e.tif,0.173612816,p,26_Apr,480,2691,341,2429
late,27-04-12,bud2_flower_s_e.tif,0.152594693,p,26_Apr,480,2691,341,2429
late,27-04-12,bud1_flower_s_e.tif,0.212561649,p,26_Apr,480,2691,341,2429
mid,balaton,bud10_flower_s_w.tif,0.256395621,p,26_Apr,480,2691,348,2490
mid,balaton,bud9_flower_s_w.tif,0.233289002,p,26_Apr,480,2691,348,2490
mid,balaton,bud8_flower_s_w.tif,0.251018044,p,26_Apr,480,2691,348,2490
mid,balaton,bud7_flower_s_w.tif,0.33045502,p,26_Apr,480,2691,348,2490
mid,balaton,bud6_flower_s_w.tif,0.251129185,p,26_Apr,480,2691,348,2490
mid,balaton,bud5_flower_s_e.tif,0.291363038,p,26_Apr,480,2691,348,2490
mid,balaton,bud4_flower_s_e.tif,0.211919476,p,26_Apr,480,2691,348,2490
mid,balaton,bud3_flower_s_e.tif,0.289214313,p,26_Apr,480,2691,348,2490
mid,balaton,bud2_flower_s_e.tif,0.299345429,p,26_Apr,480,2691,348,2490
mid,balaton,bud1_flower_s_e.tif,0.271271221,p,26_Apr,480,2691,348,2490
mid,mont,bud10_flower_s_w.tif,0.179209717,p,26_Apr,480,2691,348,2490
mid,mont,bud9_flower_s_w.tif,0.291800666,p,26_Apr,480,2691,348,2490
mid,mont,bud8_flower_s_w.tif,0.22023694,p,26_Apr,480,2691,348,2490
mid,mont,bud7_flower_s_w.tif,0.187666892,p,26_Apr,480,2691,348,2490
mid,mont,bud6_flower_s_w.tif,0.185668906,p,26_Apr,480,2691,348,2490
mid,mont,bud5_flower_s_e.tif,0.178690404,p,26_Apr,480,2691,348,2490
mid,mont,bud4_flower_s_e.tif,0.18882479,p*,26_Apr,480,2691,348,2490
mid,mont,bud3_flower_s_e.tif,0.120290267,p,26_Apr,480,2691,348,2490
mid,mont,bud2_flower_s_e.tif,0.213810347,p,26_Apr,480,2691,348,2490
mid,mont,bud1_flower_s_e.tif,0.219999878,p,26_Apr,480,2691,348,2490
early,27-03-25,bud10_flower_s_w.tif,0.636365733,p*,4_May,488,2711,358,2527
early,27-03-25,bud1_longit_and_flower_s_e.tif,0.794818931,p,4_May,488,2711,358,2527
early,27-03-25,bud2_flower_s_e.tif,0.873588834,p*,4_May,488,2711,358,2527
early,27-03-25,bud3_flower_s_e.tif,0.608096121,p,4_May,488,2711,358,2527
early,27-03-25,bud4_flower_s_e.tif,0.670922539,p,4_May,488,2711,358,2527
early,27-03-25,bud5_longit_and_flower_s_e.tif,0.699165256,p,4_May,488,2711,358,2527
early,27-03-25,bud6_flower_s_w.tif,0.622340059,p,4_May,488,2711,358,2527
early,27-03-25,bud7_flower_s_w.tif,0.588221847,p,4_May,488,2711,358,2527
early,27-03-25,bud8_flower_s_w.tif,0.565303279,p,4_May,488,2711,358,2527
early,27-03-25,bud9_flower_s_w.tif,0.753396693,p,4_May,488,2711,358,2527
early,27-03-46,bud10_longit_and_flower_s_w.tif,0.596611591,p,4_May,488,2711,358,2527
early,27-03-46,bud1_flower_s_e.tif,0.740543256,p*,4_May,488,2711,358,2527
early,27-03-46,bud2_flower_s_e.tif,0.429259898,p,4_May,488,2711,358,2527
early,27-03-46,bud3_flower_s_e.tif,0.62565303,p,4_May,488,2711,358,2527
early,27-03-46,bud4_flower_s_e.tif,0.565869444,p,4_May,488,2711,358,2527
early,27-03-46,bud5_flower_s_e.tif,0.530393211,p,4_May,488,2711,358,2527
early,27-03-46,bud6_flower_s_w.tif,0.42625341,p,4_May,488,2711,358,2527
early,27-03-46,bud7_flower_s_w.tif,0.433428482,p,4_May,488,2711,358,2527
early,27-03-46,bud8_flower_s_w.tif,0.486741143,p,4_May,488,2711,358,2527
early,27-03-46,bud9_longit_and_flower_s_w.tif,0.600315505,p,4_May,488,2711,358,2527
early,27-04-34,bud10_longit_and_flower_s_w.tif,0.678503475,p,4_May,488,2711,359,2520
early,27-04-34,bud1_flower_s_e.tif,0.470384371,p,4_May,488,2711,359,2520
early,27-04-34,bud2_longit_and_flower_s_e.tif,0.536854972,p,4_May,488,2711,359,2520
early,27-04-34,bud3_longit_and_flower_s_e.tif,0.592153773,p,4_May,488,2711,359,2520
early,27-04-34,bud4_longit_and_flower_s_e.tif,0.637989743,p,4_May,488,2711,359,2520
early,27-04-34,bud5_flower_s_e.tif,0.374118005,p,4_May,488,2711,359,2520
early,27-04-34,bud6_flower_s_w.tif,0.583536724,p,4_May,488,2711,359,2520
early,27-04-34,bud7_flower_s_w.tif,0.647165704,p,4_May,488,2711,359,2520
early,27-04-34,bud8_flower_s_w.tif,0.514189046,p,4_May,488,2711,359,2520
early,27-04-34,bud9_flower_s_w.tif,0.692209398,p,4_May,488,2711,359,2520
late,27-02-19,bud10_flower_s_w.tif,0.241648692,p,4_May,488,2711,348,2436
late,27-02-19,bud1_flower_s_e.tif,0.274297391,p,4_May,488,2711,348,2436
late,27-02-19,bud2_flower_s_e.tif,0.347791557,p,4_May,488,2711,348,2436
late,27-02-19,bud3_flower_s_e.tif,0.378037452,p,4_May,488,2711,348,2436
late,27-02-19,bud4_flower_s_e.tif,0.294445581,p,4_May,488,2711,348,2436
late,27-02-19,bud5_flower_s_e.tif,0.367094153,p,4_May,488,2711,348,2436
late,27-02-19,bud6_flower_s_w.tif,0.227946781,p,4_May,488,2711,348,2436
late,27-02-19,bud7_flower_s_w.tif,0.31921159,p,4_May,488,2711,348,2436
late,27-02-19,bud8_flower_s_w.tif,0.27337822,p,4_May,488,2711,348,2436
late,27-02-19,bud9_flower_s_w.tif,0.280739277,p,4_May,488,2711,348,2436
late,27-03-08,bud10_flower_s_w.tif,0.254693898,p,4_May,488,2711,351,2471
late,27-03-08,bud1_flower_s_e.tif,0.200770755,p*,4_May,488,2711,351,2471
late,27-03-08,bud2_flower_s_e.tif,0.229878299,p,4_May,488,2711,351,2471
late,27-03-08,bud3_flower_s_e.tif,0.182023812,p,4_May,488,2711,351,2471
late,27-03-08,bud4_flower_s_e.tif,0.181457306,p,4_May,488,2711,351,2471
late,27-03-08,bud5_flower_s_e.tif,0.228191548,p,4_May,488,2711,351,2471
late,27-03-08,bud6_flower_s_w.tif,0.293031464,p,4_May,488,2711,351,2471
late,27-03-08,bud7_flower_s_w.tif,0.19988939,p,4_May,488,2711,351,2471
late,27-03-08,bud8_flower_s_w.tif,0.234539202,p,4_May,488,2711,351,2471
late,27-03-08,bud9_flower_s_w.tif,0.210915573,p,4_May,488,2711,351,2471
late,27-04-12,bud10_flower_s_w.tif,0.287551993,p,4_May,488,2711,349,2449
late,27-04-12,bud1_flower_s_e.tif,0.273297115,p,4_May,488,2711,349,2449
late,27-04-12,bud2_flower_s_e.tif,0.167616298,p,4_May,488,2711,349,2449
late,27-04-12,bud3_flower_s_e.tif,0.248649521,p,4_May,488,2711,349,2449
late,27-04-12,bud4_flower_s_e.tif,0.227642096,p,4_May,488,2711,349,2449
late,27-04-12,bud5_flower_s_e.tif,0.226189773,p,4_May,488,2711,349,2449
late,27-04-12,bud6_flower_s_w.tif,0.243998341,p,4_May,488,2711,349,2449
late,27-04-12,bud7_flower_s_w.tif,0.228816258,p,4_May,488,2711,349,2449
late,27-04-12,bud8_flower_s_w.tif,0.295815704,p,4_May,488,2711,349,2449
late,27-04-12,bud9_flower_s_w.tif,0.222412306,p,4_May,488,2711,349,2449
mid,balaton,bud10_flower_s_w.tif,0.506968278,p,4_May,488,2711,356,2510
mid,balaton,bud9_longit_and_flower_s_w.tif,0.416976203,p,4_May,488,2711,356,2510
mid,balaton,bud8_flower_s_w.tif,0.317230069,p,4_May,488,2711,356,2510
mid,balaton,bud7_longit_and_flower_s_w.tif,0.479135287,p,4_May,488,2711,356,2510
mid,balaton,bud6_longit_and_flower_s_w.tif,0.546911517,p,4_May,488,2711,356,2510
mid,balaton,bud5_flower_s_e.tif,0.261452946,p,4_May,488,2711,356,2510
mid,balaton,bud4_flower_s_e.tif,0.317429299,p,4_May,488,2711,356,2510
mid,balaton,bud3_flower_s_e.tif,0.245540853,p,4_May,488,2711,356,2510
mid,balaton,bud2_flower_s_e.tif,0.288739288,p,4_May,488,2711,356,2510
mid,balaton,bud1_flower_s_e.tif,0.485988157,p,4_May,488,2711,356,2510
mid,mont,bud10_longit_and_flower_s_w.tif,0.266121704,p,4_May,488,2711,356,2510
mid,mont,bud9_flower_s_w.tif,0.269875427,p,4_May,488,2711,356,2510
mid,mont,bud8_flower_s_w.tif,0.336620875,p,4_May,488,2711,356,2510
mid,mont,bud7_flower_s_w.tif,0.411504946,p,4_May,488,2711,356,2510
mid,mont,bud6_flower_s_w.tif,0.567502624,p,4_May,488,2711,356,2510
mid,mont,bud5_flower_s_e.tif,0.5805462,p,4_May,488,2711,356,2510
mid,mont,bud4_flower_s_e.tif,0.461076759,p,4_May,488,2711,356,2510
mid,mont,bud3_flower_s_e.tif,0.330903244,p,4_May,488,2711,356,2510
mid,mont,bud2_flower_s_e.tif,0.369828767,p,4_May,488,2711,356,2510
mid,mont,bud1_flower_s_e.tif,0.382318212,p,4_May,488,2711,356,2510
early,27-03-25,bud9_flower_s_w.tif,0.918268454,p,6_May,490,2730,360,2546
early,27-03-25,bud8_flower_s_w.tif,0.966556125,p,6_May,490,2730,360,2546
early,27-03-25,bud7_flower_s_w.tif,0.88454539,p*,6_May,490,2730,360,2546
early,27-03-25,bud6_flower_s_w.tif,0.94655772,p,6_May,490,2730,360,2546
early,27-03-25,bud5_flower_s_e.tif,0.94071843,p,6_May,490,2730,360,2546
early,27-03-25,bud4_flower_s_e.tif,0.922953334,p,6_May,490,2730,360,2546
early,27-03-25,bud3_flower_s_e.tif,0.88839446,p,6_May,490,2730,360,2546
early,27-03-25,bud2_flower_s_e.tif,0.959172449,p,6_May,490,2730,360,2546
early,27-03-25,bud1_flower_s_e.tif,1.000089891,p*,6_May,490,2730,360,2546
early,27-03-25,bud10_flower_s_w.tif,1.048172747,p*,6_May,490,2730,360,2546
early,27-03-46,bud10_flower_s_w.tif,0.69401074,p,6_May,490,2730,360,2546
early,27-03-46,bud9_flower_s_w.tif,0.810717632,p,6_May,490,2730,360,2546
early,27-03-46,bud8_flower_s_w.tif,0.80022601,p,6_May,490,2730,360,2546
early,27-03-46,bud7_flower_s_w.tif,0.605739453,p,6_May,490,2730,360,2546
early,27-03-46,bud6_flower_s_w.tif,0.748014104,p*,6_May,490,2730,360,2546
early,27-03-46,bud5_flower_s_e.tif,0.932617396,p,6_May,490,2730,360,2546
early,27-03-46,bud4_flower_s_e.tif,0.774554897,p,6_May,490,2730,360,2546
early,27-03-46,bud3_flower_s_e.tif,0.803058563,p,6_May,490,2730,360,2546
early,27-03-46,bud2_flower_s_e.tif,1.002565739,p,6_May,490,2730,360,2546
early,27-03-46,bud1_flower_s_e.tif,1.005187384,p,6_May,490,2730,360,2546
early,27-04-34,bud9_flower_ugly_but_okay_s_w.tif,0.759619255,p*,6_May,490,2730,361,2539
early,27-04-34,bud8_flower_s_w.tif,0.80925931,p,6_May,490,2730,361,2539
early,27-04-34,bud7_flower_s_w.tif,0.939223515,p,6_May,490,2730,361,2539
early,27-04-34,bud6_flower_s_w.tif,0.709064441,p,6_May,490,2730,361,2539
early,27-04-34,bud5_flower_s_e.tif,0.915500361,p*,6_May,490,2730,361,2539
early,27-04-34,bud4_longit_and_flower_s_e.tif,0.884049132,p,6_May,490,2730,361,2539
early,27-04-34,bud3_flower_s_e.tif,0.945964629,p,6_May,490,2730,361,2539
early,27-04-34,bud2_flower_s_e.tif,0.74149425,p,6_May,490,2730,361,2539
early,27-04-34,bud1_flower_s_e.tif,0.506789098,p*,6_May,490,2730,361,2539
late,27-02-19,bud10_flower_s_w.tif,0.334428981,p,6_May,490,2730,350,2455
late,27-02-19,bud9_flower_s_w.tif,0.42343924,p,6_May,490,2730,350,2455
late,27-02-19,bud8_flower_s_w.tif,0.50162041,p,6_May,490,2730,350,2455
late,27-02-19,bud7_flower_s_w.tif,0.450075439,p,6_May,490,2730,350,2455
late,27-02-19,bud6_flower_s_w.tif,0.454327567,p,6_May,490,2730,350,2455
late,27-02-19,bud5_flower_s_e.tif,0.188476228,p,6_May,490,2730,350,2455
late,27-02-19,bud4_flower_s_e.tif,0.340955426,p,6_May,490,2730,350,2455
late,27-02-19,bud3_flower_s_e.tif,0.373157169,p,6_May,490,2730,350,2455
late,27-02-19,bud2_flower_s_e.tif,0.372028246,p,6_May,490,2730,350,2455
late,27-02-19,bud1_flower_s_e.tif,0.352475267,p,6_May,490,2730,350,2455
late,27-03-08,bud10_flower_s_w.tif,0.35848712,p,6_May,490,2730,353,2490
late,27-03-08,bud9_flower_s_w.tif,0.372872825,p*,6_May,490,2730,353,2490
late,27-03-08,bud8_flower_s_w.tif,0.336461498,p,6_May,490,2730,353,2490
late,27-03-08,bud7_flower_s_w.tif,0.294572942,p,6_May,490,2730,353,2490
late,27-03-08,bud6_flower_s_w.tif,0.254121315,p,6_May,490,2730,353,2490
late,27-03-08,bud5_flower_s_e.tif,0.267783084,p,6_May,490,2730,353,2490
late,27-03-08,bud4_flower_s_e.tif,0.272452497,p,6_May,490,2730,353,2490
late,27-03-08,bud3_flower_s_e.tif,0.299277001,p,6_May,490,2730,353,2490
late,27-03-08,bud2_flower_s_e.tif,0.405423164,p*,6_May,490,2730,353,2490
late,27-03-08,bud1_flower_s_e.tif,0.293354226,p*,6_May,490,2730,353,2490
late,27-04-12,bud10_flower_s_w.tif,0.238173892,p,6_May,490,2730,351,2468
late,27-04-12,bud9_flower_s_w.tif,0.336766942,p,6_May,490,2730,351,2468
late,27-04-12,bud8_flower_s_w.tif,0.257716511,p,6_May,490,2730,351,2468
late,27-04-12,bud7_flower_s_w.tif,0.315470658,p,6_May,490,2730,351,2468
late,27-04-12,bud6_flower_s_w.tif,0.200318982,p,6_May,490,2730,351,2468
late,27-04-12,bud5_flower_s_e.tif,0.395697034,p,6_May,490,2730,351,2468
late,27-04-12,bud4_flower_s_e.tif,0.347410181,p,6_May,490,2730,351,2468
late,27-04-12,bud3_flower_s_e.tif,0.391733234,p,6_May,490,2730,351,2468
late,27-04-12,bud2_flower_s_e.tif,0.2654239,p,6_May,490,2730,351,2468
late,27-04-12,bud1_flower_s_e.tif,0.323137035,p,6_May,490,2730,351,2468
mid,balaton,bud1_flower_s_e.tif,0.50214229,p,6_May,490,2730,358,2529
mid,balaton,bud10_flower_s_w.tif,0.500099766,p,6_May,490,2730,358,2529
mid,balaton,bud2_flower_s_e.tif,0.570796122,p,6_May,490,2730,358,2529
mid,balaton,bud3_flower_s_e.tif,0.30651608,p*,6_May,490,2730,358,2529
mid,balaton,bud4_flower_s_e.tif,0.60924431,p,6_May,490,2730,358,2529
mid,balaton,bud5_flower_s_e.tif,0.498995766,p,6_May,490,2730,358,2529
mid,balaton,bud6_longit_and_flower_s_w.tif,0.666681138,p,6_May,490,2730,358,2529
mid,balaton,bud7_flower_s_w.tif,0.552868673,p,6_May,490,2730,358,2529
mid,balaton,bud8_flower_s_w.tif,0.664580985,p,6_May,490,2730,358,2529
mid,balaton,bud9_flower_s_w.tif,0.511743223,p,6_May,490,2730,358,2529
mid,mont,bud10_flower_s_w.tif,0.297993902,p*,6_May,490,2730,358,2529
mid,mont,bud9_flower_s_w.tif,0.418162674,p,6_May,490,2730,358,2529
mid,mont,bud8_flower_s_w.tif,0.342545194,p,6_May,490,2730,358,2529
mid,mont,bud7_longit_and_flower_s_w.tif,0.557122287,p,6_May,490,2730,358,2529
mid,mont,bud6_flower_s_w.tif,0.541851812,p,6_May,490,2730,358,2529
mid,mont,bud5_flower_s_e.tif,0.463871124,p,6_May,490,2730,358,2529
mid,mont,bud4_flower_s_e.tif,0.420267337,p,6_May,490,2730,358,2529
mid,mont,bud3_flower_s_e.tif,0.430570629,p,6_May,490,2730,358,2529
mid,mont,bud2_flower_s_e.tif,0.616273613,p,6_May,490,2730,358,2529
mid,mont,bud1_flower_s_e.tif,0.585006663,p,6_May,490,2730,358,2529
early,27-03-46,bud10_longit_and_flower_s_w.tif,0.864304221,p,8_May,492,2739,362,2555
early,27-03-46,bud9_flower_s_w.tif,0.668432897,p,8_May,492,2739,362,2555
early,27-03-46,bud8_flower_s_w.tif,0.892679326,p,8_May,492,2739,362,2555
early,27-03-46,bud7_longit_and_flower_s_w.tif,0.926207811,p,8_May,492,2739,362,2555
early,27-03-46,bud6_flower_s_w.tif,0.905921993,p,8_May,492,2739,362,2555
early,27-03-46,bud5_flower_s_e.tif,0.893864948,p,8_May,492,2739,362,2555
early,27-03-46,bud4_flower_s_e.tif,0.862880802,p,8_May,492,2739,362,2555
early,27-03-46,bud3_longit_and_flower_s_e.tif,1.034227983,p,8_May,492,2739,362,2555
early,27-03-46,bud2_flower_s_e.tif,0.874873147,p,8_May,492,2739,362,2555
early,27-03-46,bud1_flower_s_e.tif,0.937346441,p,8_May,492,2739,362,2555
early,27-04-34,bud10_flower_s_wA.tif,0.928852371,p,8_May,492,2739,363,2548
early,27-04-34,bud9_flower_s_wA.tif,0.947279072,p,8_May,492,2739,363,2548
early,27-04-34,bud8_flower_s_wA.tif,0.775869616,p,8_May,492,2739,363,2548
early,27-04-34,bud7_flower_s_wA.tif,0.925134024,p,8_May,492,2739,363,2548
early,27-04-34,bud6_flower_s_wA.tif,0.858542873,p,8_May,492,2739,363,2548
early,27-04-34,bud5_flower_s_eA.tif,0.920585367,p,8_May,492,2739,363,2548
early,27-04-34,bud4_flower_s_eA.tif,0.932643563,p,8_May,492,2739,363,2548
early,27-04-34,bud3_flower_s_eA.tif,0.95195666,p,8_May,492,2739,363,2548
early,27-04-34,bud2_flower_s_eA.tif,0.872158545,p,8_May,492,2739,363,2548
early,27-04-34,bud1_flower_s_eA.tif,0.972049139,p,8_May,492,2739,363,2548
early,27-03-25,x,1,p,8_May,492,2739,,
early,27-03-25,x,1,p,8_May,492,2739,,
early,27-03-25,x,1,p,8_May,492,2739,,
early,27-03-25,x,1,p,8_May,492,2739,,
early,27-03-25,x,1,p,8_May,492,2739,,
early,27-03-25,x,1,p,8_May,492,2739,,
early,27-03-25,x,1,p,8_May,492,2739,,
early,27-03-25,x,1,p,8_May,492,2739,,
early,27-03-25,x,1,p,8_May,492,2739,,
early,27-03-25,x,1,p,8_May,492,2739,,
late,27-02-19,bud10_longit_and_flower_s_w.tif,0.34214365,p,8_May,492,2739,352,2464
late,27-02-19,bud8_flower_s_w.tif,0.42519522,p,8_May,492,2739,352,2464
late,27-02-19,bud7_flower_s_w.tif,0.417688105,p,8_May,492,2739,352,2464
late,27-02-19,bud6_flower_s_w.tif,0.559813723,p,8_May,492,2739,352,2464
late,27-02-19,bud5_flower_s_e.tif,0.305552508,p,8_May,492,2739,352,2464
late,27-02-19,bud4_flower_s_e.tif,0.34790357,p,8_May,492,2739,352,2464
late,27-02-19,bud3_flower_s_e.tif,0.661348652,p*,8_May,492,2739,352,2464
late,27-02-19,bud2_flower_s_e.tif,0.425130427,p,8_May,492,2739,352,2464
late,27-02-19,bud1_flower_s_e.tif,0.418993834,p,8_May,492,2739,352,2464
late,27-03-08,bud10_flower_s_w.tif,0.279265146,p,8_May,492,2739,355,2499
late,27-03-08,bud9_flower_s_w.tif,0.321072252,p,8_May,492,2739,355,2499
late,27-03-08,bud8_flower_s_w.tif,0.360209125,p,8_May,492,2739,355,2499
late,27-03-08,bud7_flower_s_w.tif,0.426550402,p*,8_May,492,2739,355,2499
late,27-03-08,bud6_flower_s_w.tif,0.298728123,p,8_May,492,2739,355,2499
late,27-03-08,bud5_flower_s_e.tif,0.34915255,p,8_May,492,2739,355,2499
late,27-03-08,bud4_flower_s_e.tif,0.21392498,p,8_May,492,2739,355,2499
late,27-03-08,bud3_flower_s_e.tif,0.315919609,p,8_May,492,2739,355,2499
late,27-03-08,bud2_flower_s_e.tif,0.361928092,p,8_May,492,2739,355,2499
late,27-03-08,bud1_flower_s_e.tif,0.325110121,p,8_May,492,2739,355,2499
late,27-04-12,bud10_flower_s_w.tif,0.329775463,p,8_May,492,2739,353,2477
late,27-04-12,bud9_flower_s_w.tif,0.43057419,p,8_May,492,2739,353,2477
late,27-04-12,bud8_flower_s_w.tif,0.396959458,p,8_May,492,2739,353,2477
late,27-04-12,bud7_flower_s_w.tif,0.438776385,p,8_May,492,2739,353,2477
late,27-04-12,bud6_flower_s_w.tif,0.409869891,p,8_May,492,2739,353,2477
late,27-04-12,bud5_flower_s_e.tif,0.422328311,p*,8_May,492,2739,353,2477
late,27-04-12,bud4_flower_s_e.tif,0.345627095,p,8_May,492,2739,353,2477
late,27-04-12,bud3_flower_s_e.tif,0.406279648,p,8_May,492,2739,353,2477
late,27-04-12,bud2_flower_s_e.tif,0.488213328,p,8_May,492,2739,353,2477
late,27-04-12,bud1_flower_s_e.tif,0.454893697,p,8_May,492,2739,353,2477
mid,balaton,bud10_flower_s_w.tif,0.829833605,p*,8_May,492,2739,361,2538
mid,balaton,bud9_flower_s_w.tif,0.703844207,p,8_May,492,2739,361,2538
mid,balaton,bud8_flower_s_w.tif,0.755067843,p,8_May,492,2739,361,2538
mid,balaton,bud7_flower_s_w.tif,0.568804641,p,8_May,492,2739,361,2538
mid,balaton,bud6_flower_s_w.tif,0.875409633,p*,8_May,492,2739,361,2538
mid,balaton,bud5_flower_s_e.tif,0.51657168,p,8_May,492,2739,361,2538
mid,balaton,bud4_flower_s_e.tif,0.71999834,p,8_May,492,2739,361,2538
mid,balaton,bud3_flower_s_e.tif,0.60223996,p,8_May,492,2739,361,2538
mid,balaton,bud2_flower_s_e.tif,0.536201645,p,8_May,492,2739,361,2538
mid,balaton,bud1_flower_s_e.tif,0.780821263,p,8_May,492,2739,361,2538
mid,mont,bud10_flower_s_w.tif,0.629656484,p*,8_May,492,2739,361,2538
mid,mont,bud9_flower_s_w.tif,0.582827178,p,8_May,492,2739,361,2538
mid,mont,bud8_flower_s_w.tif,0.705817725,p,8_May,492,2739,361,2538
mid,mont,bud7_flower_s_w.tif,0.574009225,p,8_May,492,2739,361,2538
mid,mont,bud6_flower_s_w.tif,0.332470074,p,8_May,492,2739,361,2538
mid,mont,bud5_flower_s_e.tif,0.531186261,p,8_May,492,2739,361,2538
mid,mont,bud4_flower_s_e.tif,0.838960437,p,8_May,492,2739,361,2538
mid,mont,bud3_flower_s_e.tif,0.490266457,p,8_May,492,2739,361,2538
mid,mont,bud2_flower_s_e.tif,0.75117799,p,8_May,492,2739,361,2538
mid,mont,bud1_flower_s_e.tif,0.584560691,p,8_May,492,2739,361,2538
late,27-02-19,bud10_flower_s_w.tif,0.333049675,p,13_May,497,2762,357,2487
late,27-02-19,bud9_flower_s_w.tif,0.587230724,p,13_May,497,2762,357,2487
late,27-02-19,bud8_flower_s_w.tif,0.697302853,p,13_May,497,2762,357,2487
late,27-02-19,bud7_flower_s_w.tif,0.742817753,p,13_May,497,2762,357,2487
late,27-02-19,bud6_flower_s_wB.tif,0.749245363,p,13_May,497,2762,357,2487
late,27-02-19,bud6_flower_s_w.tif,0.722501543,p,13_May,497,2762,357,2487
late,27-02-19,bud5_longit_s_e_sunburn_maybe.tif,0.461539272,p,13_May,497,2762,357,2487
late,27-02-19,bud4_flower_s_e.tif,0.738271315,p,13_May,497,2762,357,2487
late,27-02-19,bud3_flower_s_e.tif,0.582918196,p,13_May,497,2762,357,2487
late,27-02-19,bud2_flower_s_e.tif,0.892727225,p,13_May,497,2762,357,2487
late,27-02-19,bud1_flower_s_eA.tif,0.811064845,p,13_May,497,2762,360,2487
late,27-03-08,bud10_flower_s_w.tif,0.324145482,p*,13_May,497,2762,360,2522
late,27-03-08,bud9_flower_s_w.tif,0.331670518,p*,13_May,497,2762,360,2522
late,27-03-08,bud8_flower_s_w.tif,0.678340049,p,13_May,497,2762,360,2522
late,27-03-08,bud7_flower_s_w.tif,0.701911404,p,13_May,497,2762,360,2522
late,27-03-08,bud6_flower_s_w.tif,0.70905107,p,13_May,497,2762,360,2522
late,27-03-08,bud5_flower_s_e.tif,0.540524304,p,13_May,497,2762,360,2522
late,27-03-08,bud4_flower_s_e.tif,0.65841937,p,13_May,497,2762,360,2522
late,27-03-08,bud3_flower_s_e.tif,0.562808258,p,13_May,497,2762,360,2522
late,27-03-08,bud2_flower_s_e.tif,0.563289665,p,13_May,497,2762,360,2522
late,27-03-08,bud1_flower_s_e.tif,0.447772462,p,13_May,497,2762,360,2522
late,27-04-12,bud10_flower_s_w.tif,0.69657046,p,13_May,497,2762,358,2500
late,27-04-12,bud9_flower_s_w.tif,0.600391708,p,13_May,497,2762,358,2500
late,27-04-12,bud8_flower_s_w.tif,0.811712329,p,13_May,497,2762,358,2500
late,27-04-12,bud7_flower_s_w.tif,0.797181964,p,13_May,497,2762,358,2500
late,27-04-12,bud6_flower_s_w.tif,0.627122838,p*,13_May,497,2762,358,2500
late,27-04-12,bud5_flower_s_e.tif,0.540852693,p,13_May,497,2762,358,2500
late,27-04-12,bud4_flower_s_e.tif,0.619795247,p*,13_May,497,2762,358,2500
late,27-04-12,bud3_flower_s_e.tif,0.721271547,p,13_May,497,2762,358,2500
late,27-04-12,bud2_flower_s_e.tif,0.767664763,p,13_May,497,2762,358,2500
late,27-04-12,bud1_flower_s_e.tif,0.76355475,p,13_May,497,2762,358,2500
mid,balaton,bud1_flower_s_eA.tif,0.924976857,p,13_May,497,2762,366,2561
mid,balaton,bud10_flower_s_wA.tif,1.052437433,p,13_May,497,2762,366,2561
mid,balaton,bud2_flower_s_eA.tif,1.002640517,p,13_May,497,2762,366,2561
mid,balaton,bud3_flower_s_eA.tif,0.940044279,p,13_May,497,2762,366,2561
mid,balaton,bud4_flower_s_eA.tif,0.768683846,p,13_May,497,2762,366,2561
mid,balaton,bud5_flower_s_eA.tif,0.637032845,p,13_May,497,2762,366,2561
mid,balaton,bud6_flower_s_wA.tif,0.970766112,p,13_May,497,2762,366,2561
mid,balaton,bud7_flower_s_wA.tif,0.868488433,p,13_May,497,2762,366,2561
mid,balaton,bud8_flower_s_wA.tif,1.089155938,p,13_May,497,2762,366,2561
mid,balaton,bud9_flower_s_wA.tif,1.060088871,p,13_May,497,2762,366,2561
mid,mont,x,1,p,13_May,497,2762,,
mid,mont,x,1,p,13_May,497,2762,,
mid,mont,x,1,p,13_May,497,2762,,
mid,mont,x,1,p,13_May,497,2762,,
mid,mont,x,1,p,13_May,497,2762,,
mid,mont,x,1,p,13_May,497,2762,,
mid,mont,x,1,p,13_May,497,2762,,
mid,mont,x,1,p,13_May,497,2762,,
mid,mont,x,1,p,13_May,497,2762,,
mid,mont,x,1,p,13_May,497,2762,,
early,27-03-46,x,1,p,13_May,497,2762,,
early,27-03-46,x,1,p,13_May,497,2762,,
early,27-03-46,x,1,p,13_May,497,2762,,
early,27-03-46,x,1,p,13_May,497,2762,,
early,27-03-46,x,1,p,13_May,497,2762,,
early,27-03-46,x,1,p,13_May,497,2762,,
early,27-03-46,x,1,p,13_May,497,2762,,
early,27-03-46,x,1,p,13_May,497,2762,,
early,27-03-46,x,1,p,13_May,497,2762,,
early,27-03-46,x,1,p,13_May,497,2762,,
early,27-04-34,x,1,p,13_May,497,2762,,
early,27-04-34,x,1,p,13_May,497,2762,,
early,27-04-34,x,1,p,13_May,497,2762,,
early,27-04-34,x,1,p,13_May,497,2762,,
early,27-04-34,x,1,p,13_May,497,2762,,
early,27-04-34,x,1,p,13_May,497,2762,,
early,27-04-34,x,1,p,13_May,497,2762,,
early,27-04-34,x,1,p,13_May,497,2762,,
early,27-04-34,x,1,p,13_May,497,2762,,
early,27-03-25,x,1,p,13_May,497,2762,,
early,27-03-25,x,1,p,13_May,497,2762,,
early,27-03-25,x,1,p,13_May,497,2762,,
early,27-03-25,x,1,p,13_May,497,2762,,
early,27-03-25,x,1,p,13_May,497,2762,,
early,27-03-25,x,1,p,13_May,497,2762,,
early,27-03-25,x,1,p,13_May,497,2762,,
early,27-03-25,x,1,p,13_May,497,2762,,
early,27-03-25,x,1,p,13_May,497,2762,,
early,27-03-25,x,1,p,13_May,497,2762,,
early,27-03-25,x,1,p,13_May,497,2762,,
late,27-02-19,bud10_flower_s_w.tif,1.009237946,p,16_May,500,2786,360,2511
late,27-02-19,bud9_flower_s_w.tif,0.840131302,p,16_May,500,2786,360,2511
late,27-02-19,bud8_flower_s_w.tif,0.960841438,p,16_May,500,2786,360,2511
late,27-02-19,bud7_flower_s_w.tif,0.951061105,p,16_May,500,2786,360,2511
late,27-02-19,bud6_flower_s_w.tif,1.006026886,p,16_May,500,2786,360,2511
late,27-02-19,bud3_flower_s_e.tif,0.914236052,p,16_May,500,2786,360,2511
late,27-02-19,bud2_flower_s_e.tif,1.002373263,p,16_May,500,2786,360,2511
late,27-02-19,bud1_flower_s_e.tif,0.953759317,p,16_May,500,2786,360,2511
late,27-02-19,bud4_longit_s_e.tif,0.95523087,p,16_May,500,2786,360,2511
late,27-03-08,bud10_flower_s_w.tif,0.899953573,p,16_May,500,2786,363,2546
late,27-03-08,bud9_flower_s_w.tif,0.84835298,p,16_May,500,2786,363,2546
late,27-03-08,bud8_flower_s_w.tif,0.824010278,p,16_May,500,2786,363,2546
late,27-03-08,bud7_flower_s_w.tif,0.533977888,p,16_May,500,2786,363,2546
late,27-03-08,bud6_flower_s_w.tif,0.939732323,p,16_May,500,2786,363,2546
late,27-03-08,bud5_flower_s_e.tif,0.594480878,p,16_May,500,2786,363,2546
late,27-03-08,bud4_flower_s_e.tif,0.911495811,p,16_May,500,2786,363,2546
late,27-03-08,bud3_flower_s_e.tif,0.872537035,p,16_May,500,2786,363,2546
late,27-03-08,bud2_flower_s_e.tif,0.920683892,p,16_May,500,2786,363,2546
late,27-03-08,bud1_flower_s_e.tif,0.913184386,p,16_May,500,2786,363,2546
late,27-04-12,bud10_flower_s_w.tif,0.885959127,p,16_May,500,2786,361,2524
late,27-04-12,bud9_flower_s_w.tif,0.967826833,p,16_May,500,2786,361,2524
late,27-04-12,bud8_flower_s_w.tif,1.004093014,p,16_May,500,2786,361,2524
late,27-04-12,bud7_flower_s_w.tif,0.989810497,p,16_May,500,2786,361,2524
late,27-04-12,bud6_flower_s_w.tif,1.045105768,p,16_May,500,2786,361,2524
late,27-04-12,bud5_flower_s_e.tif,0.780867621,p,16_May,500,2786,361,2524
late,27-04-12,bud4_flower_s_e.tif,0.883458349,p,16_May,500,2786,361,2524
late,27-04-12,bud3_flower_s_e.tif,0.892366646,p,16_May,500,2786,361,2524
late,27-04-12,bud2_flower_s_e.tif,0.980413635,p,16_May,500,2786,361,2524
late,27-04-12,bud1_flower_s_e.tif,0.724622857,p,16_May,500,2786,361,2524
mid,mont,x,1,p,16_May,500,2786,,
mid,mont,x,1,p,16_May,500,2786,,
mid,mont,x,1,p,16_May,500,2786,,
mid,mont,x,1,p,16_May,500,2786,,
mid,mont,x,1,p,16_May,500,2786,,
mid,mont,x,1,p,16_May,500,2786,,
mid,mont,x,1,p,16_May,500,2786,,
mid,mont,x,1,p,16_May,500,2786,,
mid,mont,x,1,p,16_May,500,2786,,
mid,mont,x,1,p,16_May,500,2786,,
early,27-03-46,x,1,p,16_May,500,2786,,
early,27-03-46,x,1,p,16_May,500,2786,,
early,27-03-46,x,1,p,16_May,500,2786,,
early,27-03-46,x,1,p,16_May,500,2786,,
early,27-03-46,x,1,p,16_May,500,2786,,
early,27-03-46,x,1,p,16_May,500,2786,,
early,27-03-46,x,1,p,16_May,500,2786,,
early,27-03-46,x,1,p,16_May,500,2786,,
early,27-03-46,x,1,p,16_May,500,2786,,
early,27-03-46,x,1,p,16_May,500,2786,,
early,27-04-34,x,1,p,16_May,500,2786,,
early,27-04-34,x,1,p,16_May,500,2786,,
early,27-04-34,x,1,p,16_May,500,2786,,
early,27-04-34,x,1,p,16_May,500,2786,,
early,27-04-34,x,1,p,16_May,500,2786,,
early,27-04-34,x,1,p,16_May,500,2786,,
early,27-04-34,x,1,p,16_May,500,2786,,
early,27-04-34,x,1,p,16_May,500,2786,,
early,27-04-34,x,1,p,16_May,500,2786,,
early,27-03-25,x,1,p,16_May,500,2786,,
early,27-03-25,x,1,p,16_May,500,2786,,
early,27-03-25,x,1,p,16_May,500,2786,,
early,27-03-25,x,1,p,16_May,500,2786,,
early,27-03-25,x,1,p,16_May,500,2786,,
early,27-03-25,x,1,p,16_May,500,2786,,
early,27-03-25,x,1,p,16_May,500,2786,,
early,27-03-25,x,1,p,16_May,500,2786,,
early,27-03-25,x,1,p,16_May,500,2786,,
early,27-03-25,x,1,p,16_May,500,2786,,
early,27-03-25,x,1,p,16_May,500,2786,,
mid,balaton,x,1,p,16_May,500,2786,,
mid,balaton,x,1,p,16_May,500,2786,,
mid,balaton,x,1,p,16_May,500,2786,,
mid,balaton,x,1,p,16_May,500,2786,,
mid,balaton,x,1,p,16_May,500,2786,,
mid,balaton,x,1,p,16_May,500,2786,,
mid,balaton,x,1,p,16_May,500,2786,,
mid,balaton,x,1,p,16_May,500,2786,,
mid,balaton,x,1,p,16_May,500,2786,,
mid,balaton,x,1,p,16_May,500,2786,,
